batch_name,note_id,title,publish_time,author_name,author_id,like_count,comment_count,collect_count,share_count,note_type,url
自动化学会,697685b5000000002200a8e3,,4天前,大蒜王子,67933bb00000000008017658,0,4,0,0,normal,https://www.xiaohongshu.com/explore/697685b5000000002200a8e3?xsec_token=AB3ymIoWX1qWFqfJPe2jRok4Qa1EiBODhGOHwnCyu1-Iw=
自动化学会,68f7178c0000000004000223,不愧是自动化学会！,2025-10-21,Jude_robotic,6400507f000000000f01105a,16,8,2,8,normal,https://www.xiaohongshu.com/explore/68f7178c0000000004000223?xsec_token=AB-S8bV1eejhBdZtO3mmfv_xaFFzf7a5YeZAFAnWItIZM=
自动化学会,693ccd03000000001e026468,25中国自动化学会科学技术奖励函评结果💡,2025-12-13,小八,68221b7b000000000d00b7a8,40,4,19,25,normal,https://www.xiaohongshu.com/explore/693ccd03000000001e026468?xsec_token=ABUE5_m6ThYFkmkyiLa48tZgM0WyB8phyklK53E6mqWPk=
自动化学会,6729690e000000003c016ffd,我在中国自动化大会摆摊的一天,2024-11-05,勇敢菜狗,5a0d7f3211be100a745fbbef,17,6,1,3,normal,https://www.xiaohongshu.com/explore/6729690e000000003c016ffd?xsec_token=AB9tAS7GtRUj-rc3K1uE4em0L5z7qG6UsaDebACOavxQk=
自动化学会,6957a230000000001e007288,科技核心/SCD：自动化、计算机、图像处理,01-02,海上云.,68e5ce800000000037003a65,0,4,2,0,normal,https://www.xiaohongshu.com/explore/6957a230000000001e007288?xsec_token=ABhu4WjI7ZLbO5R0mwz4Szj0MwAUZncVEi_x4m4ytme8Q=
自动化学会,678214ac000000000b030b48,Alce证书,2025-11-07,晴-好-轩,5d9ac6dc0000000001003abe,2,5,0,0,normal,https://www.xiaohongshu.com/explore/678214ac000000000b030b48?xsec_token=ABCZRNWRSLDfv-RDptWcWIYTsryq48QgOjG4TsEiN3PpA=
自动化学会,693a94ef000000001e010724,电气自动化从零开始要学什么多久能学会,2025-12-11,跟着秦工学电气自动化,64d0f268000000000e024e4d,11,3,12,0,video,https://www.xiaohongshu.com/explore/693a94ef000000001e010724?xsec_token=ABeourcaCbFf0lmmuUJB5qhiVEWnQjv007HrR7iecXs0I=
自动化学会,62f4def100000000090069c6,关于“中国自动化学会”你必须知道的......,2022-08-11,仪表堂堂,61381b21000000000201f25d,10,5,8,4,video,https://www.xiaohongshu.com/explore/62f4def100000000090069c6?xsec_token=ABuxN8OMCfw6y5WfNUmd7U44a4vtvauRvqa0qI1TOzGf0=
自动化学会,68651e64000000001001194f,太卷了😮‍💨从青椒卷到了博士生，又到了大学,2025-07-02,青椒一枚,640bdc6b000000001001ef11,10,9,3,3,normal,https://www.xiaohongshu.com/explore/68651e64000000001001194f?xsec_token=ABmTT-C4N3MYzVECE8yXqJ76Gxjg-Ai48nBeGpqJ--OpA=
自动化学会,666f1b0e0000000006006a96,薅证105#中国自动化学会会员证,2024-06-19,hualong95,5c638fc10000000011011b73,18,7,11,3,normal,https://www.xiaohongshu.com/explore/666f1b0e0000000006006a96?xsec_token=AB97N8OxH9mZLsc9GY0FuRY8kXMCjL5muTLNhkcnhaviQ=
自动化学会,68df81f20000000007022d84,【10.13，中国自动化学会–10.15截止招聘】,2025-10-13,摩尼bro,64e3459200000000010044e8,4,0,3,8,normal,https://www.xiaohongshu.com/explore/68df81f20000000007022d84?xsec_token=ABX9r3_hnRJzoCDT7YGt_1ltgZ2r-rS-rHzEtX9Axmkb0=
自动化学会,690f7364000000000402ae7e,中国自动化学会CAA的高级会员，厉不厉害？,2025-11-09,momo,60eabe860000000001005b69,1,7,0,0,normal,https://www.xiaohongshu.com/explore/690f7364000000000402ae7e?xsec_token=ABIRb8i1_co81WJVf5_rse3JZn7b5gdODfrf4J4FL322s=
自动化学会,678c916000000000160194ac,CAA的福筒🎁,2025-01-19,大菜叶🥦,5f6f4cc1000000000101e478,0,3,0,4,normal,https://www.xiaohongshu.com/explore/678c916000000000160194ac?xsec_token=ABNooOMVKaywTaDVK0hUJ73ML2A5HJSHuoaTSgQNQ-NSI=
自动化学会,68ecf02c0000000007033fd7,中国自动化大会最佳论文奖！,2025-11-09,亦愿如水,5d9b2bb0000000000100b982,90,12,6,26,normal,https://www.xiaohongshu.com/explore/68ecf02c0000000007033fd7?xsec_token=ABzPr0bYC-CsFuKTx4sCPXds1Pb8gdLhV6ckp1s5m7G1s=
自动化学会,697b3f54000000001a02dd7c,,1天前,momo,63109e9b0000000012000a15,10,50,3,3,normal,https://www.xiaohongshu.com/explore/697b3f54000000001a02dd7c?xsec_token=ABlo95aYnllN1PYubbFPqHdR5hMLurTvwBGF5JX5VMG_0=
自动化学会,67b3f602000000002a001857,00后在成都，做自动化一个月7k+,2025-04-11,小刘勇闯自动化,649bb265000000001c028477,107,303,70,54,normal,https://www.xiaohongshu.com/explore/67b3f602000000002a001857?xsec_token=ABRjQy9VVpAAZ5_Y7orsfeASUX4ZSPcPCG4gT8LksetKE=
自动化学会,6690f8460000000003027761,今天才发现招了个”水货“学徒,2024-07-12,海克斯科技侠,66826e98000000000303217a,95,6,129,8,normal,https://www.xiaohongshu.com/explore/6690f8460000000003027761?xsec_token=ABjW9PyLK0_e7GQ0pGQ2PFrV2F9OZRtnJptupQuc7E-yo=
自动化学会,6881dc97000000001c03287c,中国科协下属工科学会中，哪个知名度最高？,2025-07-24,momo,60eabe860000000001005b69,3,3,1,1,normal,https://www.xiaohongshu.com/explore/6881dc97000000001c03287c?xsec_token=ABOPIZ-LHCJ_xTVbOtEldk9Zs9tRjkPJJUzMZPcz-pFm8=
自动化学会,66f57113000000001a020a84,自动化学会开始评奖,2024-09-26,鲲鹏展翅,64abf6b1000000001403ec2c,71,6,52,73,normal,https://www.xiaohongshu.com/explore/66f57113000000001a020a84?xsec_token=AB_TweepsnkIhNjg_yy6oQEKfo1jkDKcseKcOahhl0IC4=
自动化学会,68f888550000000003012383,自加自减,2025-10-22,工业机器人路老师,642ae236000000000f013f03,8,2,3,0,video,https://www.xiaohongshu.com/explore/68f888550000000003012383?xsec_token=AB4rbvdWnA5gYDhZX-jRRh9SnQQ0hM92Qrfq3yWp5gG0o=
王飞跃,66ab75b40000000005032af7,忍不住聊一下我的神仙导师 禁止恶评！,2024-08-01,也无风雨也无晴,6211ddf20000000010007702,150,72,53,159,normal,https://www.xiaohongshu.com/explore/66ab75b40000000005032af7?xsec_token=AB-Lyz1ykC5gNbQsyI2o1C9XX_R5UZQQ7kx0ac7uxFJmA=
王飞跃,678079ca000000000b022898,王飞跃—从科研到应用的智能产业推动者,2025-01-10,专家助手郭,577a24a9bd0da5022c18b12c,11,1,4,9,normal,https://www.xiaohongshu.com/explore/678079ca000000000b022898?xsec_token=ABoE1xaiwN0E0PjXmyfhwV_3qN5OjSgaCTZFsX93nUAUY=
王飞跃,695a300f000000001d03f707,‘权’新开始‘志’在必得龙重登场,01-04,王飞跃,5b90093d89c2db00013ed1ab,1,0,0,0,normal,https://www.xiaohongshu.com/explore/695a300f000000001d03f707?xsec_token=ABHJ_xaQ9gqhcxNa03g32A7I-sc4qiIMjTtaMmqKInlcQ=
王飞跃,65fc00c0000000001203cbae,一起加入ai人工智能呀，真正的科技兴国。,2024-03-21,皮皮妈沫,5c51ac210000000018033be4,24,0,0,2,video,https://www.xiaohongshu.com/explore/65fc00c0000000001203cbae?xsec_token=ABo0yJlRji3seSilFZm0BcY8Dra-EJkes65VkwnKwkJ6w=
王飞跃,68da42bb0000000013010dad,2025全球前2%顶尖科学家，清华全国第一！,2025-09-29,量子位,6228870a0000000010008e88,98,22,45,30,normal,https://www.xiaohongshu.com/explore/68da42bb0000000013010dad?xsec_token=ABhWi6GqMjMvbHf35H58n_bEKzN2s3WnL9cjIZbCiSG5s=
王飞跃,68e3ecb80000000007036d8d,,2025-10-07,王飞跃,5b90093d89c2db00013ed1ab,2,0,0,0,normal,https://www.xiaohongshu.com/explore/68e3ecb80000000007036d8d?xsec_token=ABUEG1YWZJvgHzBMbk6L6nEIzhosNmgilmhjulPF_j5NY=
王飞跃,65f54feb000000000d00e0d7,,2024-03-16,松鼠Ai陈老师,6370bd44000000001f01dd45,2,0,2,3,video,https://www.xiaohongshu.com/explore/65f54feb000000000d00e0d7?xsec_token=ABiOg8uJehiv3LComvu4hUg0aO2_Quo58ROXGdqSVORNs=
王飞跃,66a70f910000000027013a62,学术三观碎一地啊！,2024-07-29,模拟计算谢老师,65698604000000002003604d,48,3,19,131,normal,https://www.xiaohongshu.com/explore/66a70f910000000027013a62?xsec_token=ABUf7ZCZs2I44bbwShYtW3bcW_SXIJ-H8iP0jL73nKFSU=
王飞跃,5f02beb80000000001002645,作文“给王飞跃阿姨的一封信 ”赏析,2020-07-06,大全作文,5efaa32c00000000010068cc,10,2,1,1,normal,https://www.xiaohongshu.com/explore/5f02beb80000000001002645?xsec_token=ABxWpoPr9m2mSYpjZEDW_f7dcv8lCaLN5t3odfqOs98iY=
王飞跃,661565c7000000001a016f30,距离退休又近了一步。,2024-04-10,王飞跃,5b90093d89c2db00013ed1ab,8,0,0,0,normal,https://www.xiaohongshu.com/explore/661565c7000000001a016f30?xsec_token=ABetwoDA7XnRNAae7KEPtSZ93EzRhfPNYRUc2XmYSp7e4=
王飞跃,677fe9ac000000000b036797,好好看李飞飞自传,2025-01-09,王飞跃,5b90093d89c2db00013ed1ab,7,0,1,0,normal,https://www.xiaohongshu.com/explore/677fe9ac000000000b036797?xsec_token=ABZcrpO3nOGyM1Wmqp4wi6gdsezgcH7H1eJ8HNAqQ8ZDc=
王飞跃,6952868000000000220325ef,逻辑拆解它,2025-12-29,王惧言,67b0a827000000000d0089cf,44,2,11,1,video,https://www.xiaohongshu.com/explore/6952868000000000220325ef?xsec_token=ABqNNbddz9WGVAdP0A0ucwxEhPpGOzJN-WVIIhfpbffDI=
王飞跃,67f73c7d000000001e0033d1,,2025-04-10,王耀平： 蜗行天下,67870d20000000000803f11f,1,0,0,0,video,https://www.xiaohongshu.com/explore/67f73c7d000000001e0033d1?xsec_token=ABVDSGm2hnWip1-orKZ6DHXN1cDsWZYvvPCCXCQxkoj6k=
王飞跃,68a2a247000000001c0071bc,,2025-08-18,蛮牛-王增杰,5c8d413a000000001200cd3e,92,5,7,2,video,https://www.xiaohongshu.com/explore/68a2a247000000001c0071bc?xsec_token=AB9Lqc_Vsp1_G-Z27ghZY_6VfEeKK3K-FVNBcBBbz4mpw=
王飞跃,68679ebf0000000015020807,IEEE-TIV On Hold后竟升中科院1区TOP！？,2025-07-04,得辅学术,630c1139000000001200c755,3,0,0,2,normal,https://www.xiaohongshu.com/explore/68679ebf0000000015020807?xsec_token=ABTwkKN0r1yJF3NXwaV070jvNb_1_flwU2ZtZWPwDpNO0=
王飞跃,6770192f000000000b021b63,终于见到真人了,2024-12-29,小红薯661A6E35,6619402000000000070063cf,64,21,12,32,normal,https://www.xiaohongshu.com/explore/6770192f000000000b021b63?xsec_token=ABHqO-AtTv3fEyEfVp-XEFu0r2FqqAkI7mVF--Hq8_JKA=
王飞跃,65b5c45e000000002c039123,看完霉霉时代巡演大电影后加购专辑,2024-01-28,王飞跃,5b90093d89c2db00013ed1ab,2,0,0,0,normal,https://www.xiaohongshu.com/explore/65b5c45e000000002c039123?xsec_token=ABppxVKjPdTZ8lt-zH3UdkqaG58cw-0-OxF2lFUAE8VWQ=
王飞跃,64f98f4b000000001f00720d,,2023-12-14,王飞跃,5b90093d89c2db00013ed1ab,84,108,52,2,normal,https://www.xiaohongshu.com/explore/64f98f4b000000001f00720d?xsec_token=ABefySoVVNb9j7N_XGZvZ2ChGBujm_BA9JX5os48wHABo=
王飞跃,66a7326b000000000d03125b,TIV最新内幕消息，feiyue本人回应,2024-07-29,盘丝洞不要乱闯啊,5a0e3706b1da1411f494665c,110,20,37,67,normal,https://www.xiaohongshu.com/explore/66a7326b000000000d03125b?xsec_token=ABUf7ZCZs2I44bbwShYtW3bSi1QwvFI2WIHwQHwq-izx8=
王飞跃,65cc46cd0000000007024642,新年“霉”美甲,2024-02-14,王飞跃,5b90093d89c2db00013ed1ab,3,0,0,0,normal,https://www.xiaohongshu.com/explore/65cc46cd0000000007024642?xsec_token=ABrmCNJBimJ746lYpj2sBGbZ0V5709Sm_HRDGF90gqDOA=
杨孟飞,6939395e000000001b02563d,航天人物志|杨孟飞：嫦娥五号探月幕后英雄,2025-12-10,唐唐的太空手记,67b9ea25000000000e01fdd5,3,0,0,0,normal,https://www.xiaohongshu.com/explore/6939395e000000001b02563d?xsec_token=ABb_swF8ZGId_T0-FAD577rcL88q1itpYOqetVLj0z5bU=
杨孟飞,68d797ca000000001203d939,湖南人的骄傲:杨孟飞,2025-09-27,湖湘家文化联盟,66bd94e7000000001d022425,6,0,1,2,video,https://www.xiaohongshu.com/explore/68d797ca000000001203d939?xsec_token=ABNvPtk5Hzvy0ATgBH-ymyBpZ2zE01whM0_5yNsw17q5A=
杨孟飞,697a19b2000000002102856a,,1天前,青青小草4759,63ad106d000000002702ab16,169,7,21,0,video,https://www.xiaohongshu.com/explore/697a19b2000000002102856a?xsec_token=AB1aP-pqCBFi4OjePxNDwGzqE4AJN78L5IY-xi4xZrkcM=
杨孟飞,67dcf2b5000000001c03f801,院士说之杨孟飞,2025-03-22,院士来了,62c0653f000000001b025aeb,2,0,0,0,normal,https://www.xiaohongshu.com/explore/67dcf2b5000000001c03f801?xsec_token=ABEAx5K_e3Uu5tsbIEQ3Q8aw20YrZDXqCfWuyLOYNmUnE=
杨孟飞,690564640000000003038faa,从湖南走出来的杰出贡献者,2025-11-01,娄底慧眼宝贝护眼专家,69004c47000000003700586b,1,0,0,0,video,https://www.xiaohongshu.com/explore/690564640000000003038faa?xsec_token=ABQGg47tco3BseGjxeo58BLp6iN-BxdhrCugehzlGSpqU=
杨孟飞,6843b8360000000023000b86,篆刻分享-国之脊梁专辑｜杨孟飞,2025-06-07,海上印中花,65153ded000000002402da87,8,0,3,0,normal,https://www.xiaohongshu.com/explore/6843b8360000000023000b86?xsec_token=ABvgZA_vqBRAmgVpEttSw-OOQ68tgz-jeXhwE7RR8e5AA=
杨孟飞,6949fe39000000001e028f28,未来教师是智能体，知识芯片将直连人脑？,2025-12-23,云讲师,67d7c1fe000000000e013427,1,0,3,0,video,https://www.xiaohongshu.com/explore/6949fe39000000001e028f28?xsec_token=AB-YF_KWeGWPROmsc94OCF2KplRne7Y2LCKFluOg6s1wg=
杨孟飞,68de5d86000000000300c5e5,,2025-10-02,梦飞扬（孟飞杨）,56715c766a6a694146f0d3a3,0,0,0,0,normal,https://www.xiaohongshu.com/explore/68de5d86000000000300c5e5?xsec_token=ABYHeBkrQwwwYxNiOIyu-_m3n8qvZD7c6H2bLWCU-6UM4=
杨孟飞,6870544f000000001c035e33,极简算术史：关于数学思维的迷人故事,2025-07-11,新知元,5d38e11c000000001100a0d3,20,0,32,4,normal,https://www.xiaohongshu.com/explore/6870544f000000001c035e33?xsec_token=ABQOQDA3kqheCPYuCGTIK7SkMpQ9MvifLdrN47ZeZY1PM=
杨孟飞,65ea5fc50000000003036d6a,这些顶级专家你知道都是做什么的吗？,2024-03-08,男哥生活,650532a00000000012006d73,30,5,5,0,normal,https://www.xiaohongshu.com/explore/65ea5fc50000000003036d6a?xsec_token=AB3sGZxnyt4-Ubl4yeJOE0YvPNCqgzspQJtMAv6QFthVo=
杨孟飞,686fd84a000000001c032513,这样提高孩子的空间思维和数学能力,2025-07-10,许小师,63de37ce00000000270289a2,0,0,0,0,video,https://www.xiaohongshu.com/explore/686fd84a000000001c032513?xsec_token=ABLhFZnZDQq3MeNVtVVclvnYAaoWV34ndn2q1E64nbUro=
杨孟飞,6711e058000000001b02f37d,孟飞公考学习心得,2024-10-18,杨先森——,573048346a6a696ce236b422,2,0,2,0,normal,https://www.xiaohongshu.com/explore/6711e058000000001b02f37d?xsec_token=ABsPvmhnXER5O5OtFN3eRqI_XngyzqIcQRPrSec7xfK9E=
杨孟飞,66a4af5100000000050215d2,准一年级的宝贝～～有在好好长大哦～～,2024-07-27,梦飞扬（孟飞杨）,56715c766a6a694146f0d3a3,2,0,0,0,normal,https://www.xiaohongshu.com/explore/66a4af5100000000050215d2?xsec_token=ABM1CuqIr1m0LhITkpti1uUFx03-_pzQA99OZTFEzVAwI=
杨孟飞,6025309d0000000021034021,正宗的四大天王,2021-02-11,颜掌柜聊家装,57ca42725e87e70c6a82f181,17,0,3,1,normal,https://www.xiaohongshu.com/explore/6025309d0000000021034021?xsec_token=AB1Wn9i8r2pOpJAaIU4CGJmB5XzSIom4LGA0s0djElK2Q=
杨孟飞,663e3afa000000001e038a07,💯这篇高中范文立意真的绝了,2024-05-10,小红薯68C883FB,65bf30bf0000000009025c66,58,0,28,3,normal,https://www.xiaohongshu.com/explore/663e3afa000000001e038a07?xsec_token=AB1XIU9IaoQZHHDuvRqVvO8LY9iN_0uZebDqArHVwJzHo=
杨孟飞,6445e7670000000013006a59,《给孩子们的大师讲堂》航天探索特辑-上,2023-04-24,中国航天文化,614faaa8000000000201cb85,1135,7,1317,186,video,https://www.xiaohongshu.com/explore/6445e7670000000013006a59?xsec_token=AButkkQ3Ut6brIYmFppI5rpnfFt2RFukMMLoZQJmhqW3s=
杨孟飞,65dc5109000000000b00fb6a,今天和家里人一起喝早茶啦,2024-02-26,梦飞扬（孟飞杨）,56715c766a6a694146f0d3a3,1,0,0,0,normal,https://www.xiaohongshu.com/explore/65dc5109000000000b00fb6a?xsec_token=ABbNQuNnz3Sp57Q82_cwVaafxTUEvkjMfbNEzK15Zt8O4=
杨孟飞,5f770d99000000000100653a,应邀特意来发一下西门大妈早年的剧照（三）,2020-10-02,洞天腾红,5c32919a0000000006037a1f,14,5,2,2,normal,https://www.xiaohongshu.com/explore/5f770d99000000000100653a?xsec_token=ABOwc6lKrTLoEfeMZFboVta-hxvCI6ArA6HKGy6mDDWr4=
杨孟飞,6445e907000000001303c97f,《给孩子们的大师讲堂》航天探索特辑-下,2023-04-24,中国航天文化,614faaa8000000000201cb85,150,2,160,47,video,https://www.xiaohongshu.com/explore/6445e907000000001303c97f?xsec_token=AButkkQ3Ut6brIYmFppI5rpr5dAgNvV67iZ7VRyMnVXw8=
杨孟飞,6893ebec00000000230384bb,中国影视剧作品展——之,2025-08-07,中国影视剧光影新博客,610c476e0000000001006d6f,1,0,0,0,normal,https://www.xiaohongshu.com/explore/6893ebec00000000230384bb?xsec_token=ABVfR3UH-DXbO_ejjfxpCMrf2WqOq76UnVkXw-1LBQmMo=
郑南宁,663c5d61000000001e03aa01,AI大佬院士和他的大佬学生｜一人一学科,2024-05-12,师说新知,6317338e000000001200ec36,82,4,30,24,normal,https://www.xiaohongshu.com/explore/663c5d61000000001e03aa01?xsec_token=ABnlgojJprq8MEoboh3JE5SYa6KCQxWm2HSkTEyauS2FQ=
郑南宁,682febef000000002001c4bb,郑南宁院士给中央政治局的人工智能报告,2025-05-23,无涯智库Boundless,5f8bb544000000000101ef57,11,2,10,10,normal,https://www.xiaohongshu.com/explore/682febef000000002001c4bb?xsec_token=ABfIVbRFBi4Qpr-rcbTQiefWAqxSo9ievfW1hHOOnwjXA=
郑南宁,67d90c60000000001c00ee63,西交大三宝：张迈曾 王树国 郑南宁,2025-03-18,教育观察家,61097f67000000000100377c,158,48,24,26,normal,https://www.xiaohongshu.com/explore/67d90c60000000001c00ee63?xsec_token=ABA4M2LxlAOk6T2aaFnjAjUk0pQWnX6GPX2ooFJI5KDpw=
郑南宁,67260401000000001901a58b,演唱者∶郑南宁院士,2024-11-02,阿环,649b1b6e000000001f0072c0,186,67,21,287,normal,https://www.xiaohongshu.com/explore/67260401000000001901a58b?xsec_token=ABa1QXnJU-9y062I_WIR_x5hc1HwWYKmYXZUs2-icUA8E=
郑南宁,6978bf32000000000e03f7a6,人工智能专家郑南宁院士邀约｜人工智能大会,3天前,五洲名人演讲局,664ac3fb000000001b018004,1,0,0,0,normal,https://www.xiaohongshu.com/explore/6978bf32000000000e03f7a6?xsec_token=ABbJbFQmQii0nJ28y9dZsIJYIzpF1U5MPCSjbRBpqrFS8=
郑南宁,67b07f4c000000001703a7d7,西交，谁在鼓吹人工智能第一校？,2025-02-15,升学规划刘乾,616619a7000000000202296d,15,5,8,1,normal,https://www.xiaohongshu.com/explore/67b07f4c000000001703a7d7?xsec_token=AB0evdkz142W7nic-rKFrmkKkyIRQCOGEVYCx9stlH4bY=
郑南宁,68e876b0000000000700d9e7,郑南宁院士WAIC完整发言：“智能跃迁新方向”,2025-10-10,科技summit,67f51d9e000000000d00abef,21,0,21,8,video,https://www.xiaohongshu.com/explore/68e876b0000000000700d9e7?xsec_token=AB4gBO2BW8KJKmrkuBd-04sIMWykXp0E02h7QurbuOzIQ=
郑南宁,66cadd8c000000001d038eaf,中国工程院院士郑南宁鉴赏我们的车子,2024-08-25,万物创客,64dcb4c30000000001007ce9,4,0,1,0,normal,https://www.xiaohongshu.com/explore/66cadd8c000000001d038eaf?xsec_token=ABWq9xXxhjw1Woo8MS8pH4hL6QWgp1bfUONYS45zbURyQ=
郑南宁,6811b06400000000230170b2,政治局学习划重点！AI未来看这两大方向,2025-04-30,大道政途,5ffad68500000000010053e1,230,2,350,127,normal,https://www.xiaohongshu.com/explore/6811b06400000000230170b2?xsec_token=ABKayLAPVsqCILJvE4BZvLHc5QL1NnJybpv2DuJOsJQ7k=
郑南宁,68847dc80000000017032216,2025世界人工智能大会 ｜郑南宁院士,2025-07-26,小管的科研日记,56a3a45ab8c8b46029b0dbc1,23,0,16,19,normal,https://www.xiaohongshu.com/explore/68847dc80000000017032216?xsec_token=ABpB6pn8-9Dk6fTLqTJcERhu25uiVQz_CDUUU74dqDF3M=
郑南宁,67f792e5000000001c00076c,人工智能院士专家邀约推荐｜郑南宁院士,2025-04-10,五洲名人演讲局,664ac3fb000000001b018004,1,0,0,0,normal,https://www.xiaohongshu.com/explore/67f792e5000000001c00076c?xsec_token=ABVDSGm2hnWip1-orKZ6DHXO28PNHACwI7x0Pcz9MW9gQ=
郑南宁,68f34b390000000007001724,WAIC2025世界人工智能大会,2025-10-18,G F P,6548836600000000040096e8,1,0,1,0,video,https://www.xiaohongshu.com/explore/68f34b390000000007001724?xsec_token=ABIxSwAwAYhEi9WT5IB2x48RHMyBYD_IG-txdU7GBvZPA=
郑南宁,680ec0c80000000022025133,给政治局讲人工智能的郑南宁院士的报告,2025-04-28,告别松鼠症,60fd1ecd0000000001006611,43,0,69,12,normal,https://www.xiaohongshu.com/explore/680ec0c80000000022025133?xsec_token=ABvN-l-cen2suQeQEfE7WXo69jpgM4Is0ocCe_34ZkaN8=
郑南宁,6746ef020000000008006e38,大湾区AI人才培养建议,2024-11-28,广东省人工智能产业协会,67457555000000000800930f,9,1,3,1,video,https://www.xiaohongshu.com/explore/6746ef020000000008006e38?xsec_token=ABVPqfv9ic_LhHhRzR2R6wiUqmn9orCTSpTcx0_Weonu4=
郑南宁,688523c2000000001202ef25,收藏！WAIC2025郑南宁院士谈智能跃迁,2025-07-27,居鲁仕,6535f4b3000000000400b154,64,7,94,38,video,https://www.xiaohongshu.com/explore/688523c2000000001202ef25?xsec_token=ABVGMvjxNZAltDzRv4Mkp4DUm4SH6mVLjvpyU_BCosjkg=
郑南宁,67fdb38c0000000009016e0b,哈工大顶级国际期刊面向全球发布,2025-04-15,点与线,62d4bf2f000000001501d7ee,33,12,12,66,normal,https://www.xiaohongshu.com/explore/67fdb38c0000000009016e0b?xsec_token=ABDPqo5rnDiZPRhm53ZhKh0Mgp1oXvIZKnnX62b-4wlLY=
郑南宁,6456d3d70000000011010d77,西安交通大学郑南宁院士人工智能最高成奖,2023-05-12,沈墨｜书法,6456d11600000000290132cc,167,4,26,9,normal,https://www.xiaohongshu.com/explore/6456d3d70000000011010d77?xsec_token=ABfVb2ZK5g4HRPLlxkY3C5WYA_9WOWCJOUXGfOL-uTdc0=
郑南宁,6705223c000000001902e4ee,解读人工智能第一强校—西安交通大学！,2024-10-08,阿V咸,6013492e00000000010083ea,19,10,15,12,normal,https://www.xiaohongshu.com/explore/6705223c000000001902e4ee?xsec_token=AB-Q-arj9CkhVGzVAG4IF8vxbrUQjOx0xpjwoUW7vp0HM=
郑南宁,6824714d000000002100eb08,来自院士的礼物,2025-05-14,跃迁的顾国洪,624c1f400000000010004f1b,1,0,0,0,normal,https://www.xiaohongshu.com/explore/6824714d000000002100eb08?xsec_token=ABrqbZkcK3_zXa90-hX630h7m9PA_nLZPsUyku_Lns3PQ=
郑南宁,66034ac9000000000d00d396,属于春天的氛围感,2024-03-27,学霸笔记,630e89cb000000001200fc11,8,1,4,0,normal,https://www.xiaohongshu.com/explore/66034ac9000000000d00d396?xsec_token=AB4vTWpsN7WU-ZgA0KZETE6sTmN2c99FA1TTKMzHUNAgg=
张楠,676e7c300000000013019f10,互联网大厂今日盘点-字节跳动十大功臣,2024-12-27,大厂日爆,5ed064fb000000000101f88c,873,60,243,271,normal,https://www.xiaohongshu.com/explore/676e7c300000000013019f10?xsec_token=AB0Y_WhKobNB8FurKIt-Ql-0W0jG6UV5Trhtwr_c77fl4=
张楠,6886d59f0000000017033cc6,【一天认识一位羽毛球明星之张楠】,2025-07-28,速烁,615bcccb0000000002021ef6,32,10,7,10,normal,https://www.xiaohongshu.com/explore/6886d59f0000000017033cc6?xsec_token=ABpO8HZgyKHZpN-3yGm8Q5Gq3M2o9VhXR4MlS0yYqZzbk=
张楠,68ede431000000000703aa76,CN双料骑行OG&北京密酷自行车楠哥,2025-10-24,托马泰_骑行宝典,66b1f92b000000001d0239fc,27,13,1,14,normal,https://www.xiaohongshu.com/explore/68ede431000000000703aa76?xsec_token=AB1tET5Aajh71yCZuiA-1jD5Zau4a6Gtc8vefcr328mCw=
张楠,691dc59d000000001e023f8c,张楠演练八极拳小架二路，教科书级,2025-11-19,八极拳江帆,5dce57ac00000000010013bc,73,4,52,4,video,https://www.xiaohongshu.com/explore/691dc59d000000001e023f8c?xsec_token=ABEg01JMaFzLaRMsIW76t4_qmvWeJtbx2VJIYdcHmWV44=
张楠,6957ee43000000001e035669,,01-03,张楠,636c4648000000001f01f42a,235,157,36,13,normal,https://www.xiaohongshu.com/explore/6957ee43000000001e035669?xsec_token=ABhu4WjI7ZLbO5R0mwz4Szj25ABB_Lb0ZX7uf8z4cyhp8=
张楠,6979c349000000000e03f08b,2026年盘点：中国90后十大影响力人物,2天前,小红薯618B812D,618a9acf000000002102be73,0,0,0,0,normal,https://www.xiaohongshu.com/explore/6979c349000000000e03f08b?xsec_token=ABKUKFUblbhiWqpBJlMBgonpiDrckmhpCaIBB4uG5wu6A=
张楠,697c9618000000000b010f05,No.18每天分享一支乐队｜疯医,2小时前,七颗柠檬,64ad63fa000000001001ce6e,8,1,2,1,normal,https://www.xiaohongshu.com/explore/697c9618000000000b010f05?xsec_token=ABMahuF0O3CCvWrYc-FVjeZS2OlMRYLUkrcF7RMAxXWHA=
张楠,6968bcbd000000001a01e12a,拔智齿,01-15,自由因子,66d42f49000000001d0238a4,0,0,0,0,normal,https://www.xiaohongshu.com/explore/6968bcbd000000001a01e12a?xsec_token=ABVieqwVsi_ldtrXsD1OBKfkZuoiLlBqoqV7msoMXCHmo=
张楠,6948fa3e000000001902713f,西北妇幼张楠坐诊时间,2025-12-22,🌙,58c28dea6a6a6934c707108a,17,48,22,3,normal,https://www.xiaohongshu.com/explore/6948fa3e000000001902713f?xsec_token=ABWaM2Fr129M61TNMh_eN09KdbU-nc-d2GRlqbYTVJZX4=
张楠,6890885c00000000230298f3,来看世界冠军张楠测评刀锋II PRO！,2025-08-04,李宁羽毛球网球匹克球,67fb6881000000000e01cb3d,64,9,17,24,video,https://www.xiaohongshu.com/explore/6890885c00000000230298f3?xsec_token=ABbzgtrg_RsFPUAzw0SajA4P-c8HSJORWQqCUh17MGmNM=
张楠,69760f18000000000a030184,几年前的图欧vs张楠/刘成,5天前,不会杀球,6768bc110000000018015ab2,154,10,50,35,video,https://www.xiaohongshu.com/explore/69760f18000000000a030184?xsec_token=AB3ymIoWX1qWFqfJPe2jRok3_Sw-gE_g-zTHEoh3qMYn0=
张楠,67e64376000000000b014379,,2025-03-28,吉祥三宝妈妈,5e806a6f0000000001008ce7,1,0,0,0,normal,https://www.xiaohongshu.com/explore/67e64376000000000b014379?xsec_token=ABrCHpBnEE1wxMJhsMMyGx0UIkIyP1p6jekppgJe9lr3I=
张楠,697487d1000000001a02da55,劝退，别做数字人的创业，连代理都最好不要,6天前,魏佳星云蝠智能 VoiceAgent,5c66d3fd000000001003a1f6,5,3,5,1,normal,https://www.xiaohongshu.com/explore/697487d1000000001a02da55?xsec_token=ABwcog9uErDzadh8FhRXuUeCOAqNl3k1MmmTqbs0C1Uis=
张楠,689746370000000023035bbf,继续加油,2025-08-09,岁月如歌,60125295000000000101d2dc,4,18,1,2,normal,https://www.xiaohongshu.com/explore/689746370000000023035bbf?xsec_token=ABPyMpagByBVQYuUiIq50SRnJMI7qX_pyE70c0hW7-AkY=
张楠,6979c49a000000001a032a68,2026年盘点：中国90后十大影响力人物,2天前,小红薯618B812D,618a9acf000000002102be73,0,0,0,0,normal,https://www.xiaohongshu.com/explore/6979c49a000000001a032a68?xsec_token=ABKUKFUblbhiWqpBJlMBgont--JzX8ZmU1icJCMZg9ND8=
张楠,68b81f7f000000001d03751b,西北妇幼九月龄儿保体验,2025-09-03,Acccc啊是我,59037c1850c4b459b2724189,6,21,4,0,normal,https://www.xiaohongshu.com/explore/68b81f7f000000001d03751b?xsec_token=ABdoUa_P9h0Yf9cdre6zSbNhiJgEvYRkYGHqabP7dinFY=
张楠,6967554c0000000022020fdc,26中级经济师网盘（自动更新）不要mi哦,01-14,白开水不带汽,6920052000000000310140b8,24,105,19,5,normal,https://www.xiaohongshu.com/explore/6967554c0000000022020fdc?xsec_token=ABXI5IceuTJA2aahv0AnXE7BeJNmh4bpb0UZ3pmfr83SE=
张楠,697c542b0000000028023e0b,上城士 守艺人,7小时前,孙一涵,61c7e8b5000000001000bb4d,9,1,0,1,normal,https://www.xiaohongshu.com/explore/697c542b0000000028023e0b?xsec_token=ABMahuF0O3CCvWrYc-FVjeZRswr4Xwdxtuw1KmtEyLows=
张楠,696b95660000000022030eb5,给产品人的七个务实习惯,01-17,爱产品的小星,6879ac47000000001b02207b,84,7,67,5,normal,https://www.xiaohongshu.com/explore/696b95660000000022030eb5?xsec_token=ABYPpHZ96BOszuXNxZP7q7VTHr-Rvn1eEGK4Rojo1cHx0=
张楠,69591e37000000001e01484f,元旦水之极～,01-03,晕船教练爱潜水AIDA自由潜,5c6bc709000000001003d9e4,6,1,0,0,normal,https://www.xiaohongshu.com/explore/69591e37000000001e01484f?xsec_token=AB55X770SLIQdKQ_3F7LuScQJX-hJYa-sW_JZKNy_PZY8=
高会军,68b5982a000000001d03a806,中专出身，他逆袭成了欧洲科学院院士！,2025-09-01,研识有道,650eabbc0000000012005e1f,93,45,48,31,normal,https://www.xiaohongshu.com/explore/68b5982a000000001d03a806?xsec_token=ABgZoLBoDGrL0SeW611t0BdIb4XgmScKjT8nuB4s5P9kA=
高会军,676012dc000000001301815d,哈工大院长是中专生,2024-12-16,虎爸咨询,5b68dbd56d51c90001052739,1610,762,324,326,normal,https://www.xiaohongshu.com/explore/676012dc000000001301815d?xsec_token=ABgkOxNiLoE9YnvYsHioldVJoDSp301oP30cXiopXwddY=
高会军,68b68445000000001b03cf1b,哈工大高会军教授48岁成为中科院院士候选人,2025-09-02,云飞扬,65726e6a00000000200346d4,402,156,145,289,normal,https://www.xiaohongshu.com/explore/68b68445000000001b03cf1b?xsec_token=ABamDpBblkQRch4394MdzSzatkde_lqqILjCFAxlk6EEE=
高会军,696b90fc000000001a02d439,91年读中专，而今IEEE工业电子学会候任主席,01-18,叁讓学堂,642cb26a0000000012011998,115,18,44,73,normal,https://www.xiaohongshu.com/explore/696b90fc000000001a02d439?xsec_token=ABYPpHZ96BOszuXNxZP7q7VX1ynptv-rXWkD6Py4dt5YQ=
高会军,6976e3ad000000001a02ff53,从中专生逆袭到博导的高会军当选IEEE主席！,4天前,四处臻选,611e829e0000000001009531,2,0,1,1,normal,https://www.xiaohongshu.com/explore/6976e3ad000000001a02ff53?xsec_token=AB3ymIoWX1qWFqfJPe2jRok_rp1Jvx888rHVVxb-OjBtU=
高会军,677bd4c6000000001b005d99,他，用十年从中专生到教授！点赞,2025-01-06,仕察院,632ae0fa0000000023025312,247,239,69,38,normal,https://www.xiaohongshu.com/explore/677bd4c6000000001b005d99?xsec_token=ABYE_suA6TFJv3uY_dBeiEjWi1Tt-kXByesBMGv0qqSzE=
高会军,68ad4899000000001d034813,中专生逆袭博导如今成为院士候选人，,2025-08-26,美丽浙江,63c5152500000000260064b5,124,2,55,19,video,https://www.xiaohongshu.com/explore/68ad4899000000001d034813?xsec_token=ABSU7kaVp6CR1WyTsMYaLQK25IVQY5AUiDpmlFE2d194Q=
高会军,68aa55f5000000001d01cfb1,中专生逆袭为院士候选人：哈工大博导高会军,2025-08-24,笺上青山,678f5710000000000e01d6d4,37,7,23,13,normal,https://www.xiaohongshu.com/explore/68aa55f5000000001d01cfb1?xsec_token=ABOE67vBX2bbazcp9N2tV2P3kcdbepqaAZgqZ8MpZ1pZI=
高会军,68a85f8f000000001b031b0e,中专生10年成985博导，逆袭院士候选人！,2025-08-22,魔都探校,636f853d000000001f01cfb0,11,1,6,1,video,https://www.xiaohongshu.com/explore/68a85f8f000000001b031b0e?xsec_token=ABZH2221CMYCw7fm4yQiaeEeld04CbML23ksdMVD3PxQg=
高会军,696df874000000000a03e521,十年时间从中专生逆袭到博导的大佬,01-19,BUFF控制工程考研,6442c3a4000000002a00975c,53,2,14,1,video,https://www.xiaohongshu.com/explore/696df874000000000a03e521?xsec_token=ABdZwhrYD1PAwMkYGfuUjxkAjVTvhyXRQkRiifvP2RTSU=
高会军,68abc8f5000000001d02ed89,,2025-08-25,元芳有看法,5faa08e8000000000100b89e,6,0,1,3,normal,https://www.xiaohongshu.com/explore/68abc8f5000000001d02ed89?xsec_token=ABeqEKwFrF_UE2CDCDv88o3_tnJBUGFNO-q-gTdzrGXm0=
高会军,68d0faba000000001301eb48,【类器官培养】哈尔滨工业大学高会军教授,2025-09-24,培养盒守护者,5ffea0e50000000001004802,8,0,14,7,normal,https://www.xiaohongshu.com/explore/68d0faba000000001301eb48?xsec_token=ABk3q30EhD1TiRClqPA8vTfGKZwDe7XVIcRZrVP107FxA=
高会军,651ec899000000001a022225,祝贺！C9大学教授，再获大奖！,2023-10-05,科研云（一站式科研服务）,638c2210000000001f0147d6,9,0,1,5,normal,https://www.xiaohongshu.com/explore/651ec899000000001a022225?xsec_token=ABNCwyg8pue-R39sZoQoW8aAWUjjRF_PUAMgLMwmwVspM=
高会军,67b697fa000000001201f53f,10年时间成为哈工大zui年轻博导,2025-02-20,成风,603057ea00000000010029f8,35,1,6,1,video,https://www.xiaohongshu.com/explore/67b697fa000000001201f53f?xsec_token=AB8YbSw4xWA_Ls0IrgGAhF_XJgkNSNAaqnOVX9PlyYD4w=
高会军,68a92864000000001d01b269,哈尔滨工业大学2025院士增选储备（部分）,2025-08-23,四处臻选,611e829e0000000001009531,132,55,45,176,normal,https://www.xiaohongshu.com/explore/68a92864000000001d01b269?xsec_token=ABC3TbJ2aYzjBPZTlqy-YDBpvlbXAHiZ51zDb8100K6xM=
高会军,6541e6e300000000200015bd,中专起点，却是哈工大最年轻博导❗️,2023-11-01,木兰姐姐,635bc3a0000000001802bd36,39,2,23,15,normal,https://www.xiaohongshu.com/explore/6541e6e300000000200015bd?xsec_token=ABLQLE9h1YEly-IE9LWmpCM8EdrVrY85TsjbrrYW6XC1o=
高会军,63e20fc30000000004006f46,,2023-02-07,小红薯669CEEF6,63aad276000000002702a670,5,0,3,2,video,https://www.xiaohongshu.com/explore/63e20fc30000000004006f46?xsec_token=ABmhaSnhVx-4eUZ4LWOoclOBIYJpc3eOXh58D8Ac_4V6o=
高会军,68b83a13000000001d006f6d,奋斗不止,2025-09-03,桥川学长控制考研,65955f89000000001f039667,1,0,0,1,normal,https://www.xiaohongshu.com/explore/68b83a13000000001d006f6d?xsec_token=ABdoUa_P9h0Yf9cdre6zSbNqWsFb6PYfrvxTlu-BfpT3w=
高会军,694e796d000000001e006a88,中专到教授再到院士候选人！是谁？,2025-12-26,看行业热闹的陆老师,67134f71000000001d030861,0,0,0,302,normal,https://www.xiaohongshu.com/explore/694e796d000000001e006a88?xsec_token=ABnWzt_W1ev-rRjgZZX9gXC4AligD2fBNtOyVO-lqogs4=
高会军,67064b37000000001a02363c,,2024-10-09,AI冷科长,648551ac0000000010035c79,2720,25,2067,129,video,https://www.xiaohongshu.com/explore/67064b37000000001a02363c?xsec_token=ABjzSYoBjQKgSaL09OjSA6PwcICcV53EQNokASpGsa2tw=
侯增广,67ea24e5000000001a006fb1,康复机器人科研实习（长期有效）,2025-09-22,联安,67e79f900000000006013366,59,13,71,44,normal,https://www.xiaohongshu.com/explore/67ea24e5000000001a006fb1?xsec_token=ABsb9P_P8T2TnZjDcyzRl14RDzwDA5xpfrDfAF9hb26es=
侯增广,686f70d80000000012021b73,,2025-07-10,五洲名家智库,665926ac000000001e00e205,0,0,0,2,normal,https://www.xiaohongshu.com/explore/686f70d80000000012021b73?xsec_token=ABLhFZnZDQq3MeNVtVVclvnT-WlATailWvlxz6Jj2E1ZY=
侯增广,6831638d000000002100b67f,空杯心态，利他思维,2025-05-24,小草莓爸爸-侯龙华,676a57e5000000001801e61e,3,0,0,0,video,https://www.xiaohongshu.com/explore/6831638d000000002100b67f?xsec_token=ABGCsn3YNi1wDy1XwQIRzl2ijOoZ6HVfpTcFt_2blNIHU=
侯增广,67d3dc35000000001d02c6b6,当前环境下我们应该做什么,2025-03-14,侯哥本歌,6556066f000000000202a84c,1,0,0,0,video,https://www.xiaohongshu.com/explore/67d3dc35000000001d02c6b6?xsec_token=AB7h0S-1mb2VybZX9Vk9mKUvKzDyHI8Y0nj81YhjTcSlM=
侯增广,6752cb3f000000000702bf0f,如何让2025更好,2024-12-06,侯志奎,59bf649582ec39552b1b513b,1,0,0,1,video,https://www.xiaohongshu.com/explore/6752cb3f000000000702bf0f?xsec_token=AB7X7yOb9lQg99EeWERGuUv-G7LPcddjaxxo8ukWfJaiA=
侯增广,693a7aba000000001e02924b,增广贤文(101),2025-12-11,虚怀若谷,64aba748000000001f007aab,2,0,0,0,normal,https://www.xiaohongshu.com/explore/693a7aba000000001e02924b?xsec_token=ABeourcaCbFf0lmmuUJB5qhgWHgPpEbjVP2oSXWrolvP8=
侯增广,68e7a0e200000000040067c9,二一 但行好事 莫问前程 城门失火 殃及池鱼,2025-10-09,清静心I,5f3f4d840000000001006130,1,0,0,0,video,https://www.xiaohongshu.com/explore/68e7a0e200000000040067c9?xsec_token=ABqKirO_8vbEeEv2RqjP6zg8WhzcUKuML3PdUfaEQVYMQ=
侯增广,67756c2d000000000800c6fd,强者文化造就强者,2025-01-02,生信宝-侯哥,67447d4b000000001c018977,0,0,0,0,video,https://www.xiaohongshu.com/explore/67756c2d000000000800c6fd?xsec_token=ABh46eTTk8gaTWtZHaoKOHV6EGuYtMhXOdq4u2L9gyNh4=
侯增广,686f6d6f00000000150214e9,,2025-07-10,五洲名家智库,665926ac000000001e00e205,0,0,1,1,normal,https://www.xiaohongshu.com/explore/686f6d6f00000000150214e9?xsec_token=ABLhFZnZDQq3MeNVtVVclvnYC0JoPDGInNVSFfc3jwmog=
侯增广,67fe823a000000001d022d02,国家自然基金评审专家｜医学部,2025-04-15,终南山使者,5f7e99640000000001007a94,673,44,618,573,normal,https://www.xiaohongshu.com/explore/67fe823a000000001d022d02?xsec_token=AB-M1H01Vs9LD6dDR4OkLgN7KqbVb0piOc-RnM658fYO8=
侯增广,695d0b0e000000000c03536c,2026中国企业家发展高峰论坛暨荣耀盛典,01-06,燕园总裁班,66c8182a000000001d0331e0,1,0,0,0,normal,https://www.xiaohongshu.com/explore/695d0b0e000000000c03536c?xsec_token=ABvJVhjPXPFyNioRd_EGBK9cnVKvY0oCvoyvqhez1hMRY=
侯增广,69677f26000000000e03c596,,01-14,侯大馋师,6953e7c300000000140168cf,6,0,4,0,video,https://www.xiaohongshu.com/explore/69677f26000000000e03c596?xsec_token=ABXI5IceuTJA2aahv0AnXE7Bm19tqNkkGnc2S6u7cVrGg=
侯增广,67a17960000000001801a02c,好久不见 朋友们,2025-02-04,侯翠翠,629407d7000000002102a456,3037,257,95,54,normal,https://www.xiaohongshu.com/explore/67a17960000000001801a02c?xsec_token=ABv5UwXx_HETmZkltGX3gkCukwsBmXy4jybSQNy8UJYgY=
侯增广,6920a563000000000d03dd96,内外的诱惑让侯总招架不住,2025-11-22,淳化娃,64db59040000000001011745,343,22,155,25,video,https://www.xiaohongshu.com/explore/6920a563000000000d03dd96?xsec_token=AB7g_apgXGCOlajQF8QGgiFoGBjWtT7lYAW6N0pqBGxdE=
侯增广,696f75e2000000000b011652,2026难上难，保命要紧,01-20,侯艺唐,61346657000000001f03ce62,5,0,1,1,video,https://www.xiaohongshu.com/explore/696f75e2000000000b011652?xsec_token=ABQQKYFz3UtZyCENhPZk0iYueHxA_r8ChAjhwAw9pTJLg=
侯增广,68f1d088000000000700ef7e,,2025-10-17,侯治香,661a3ca00000000003030967,1,0,0,0,video,https://www.xiaohongshu.com/explore/68f1d088000000000700ef7e?xsec_token=AB_W4MZyPOMB7ruuJaKBh650IsKrEuhAxxGtITHAFCU3I=
侯增广,695344d8000000001e0245d3,寒门再难出贵子？我更认为是时势造英雄,2025-12-30,侯说八道,68341724000000001d017925,1,0,1,0,video,https://www.xiaohongshu.com/explore/695344d8000000001e0245d3?xsec_token=ABTDB00-UNGudgtPMOWkb-wl4xFxSV9cNQGvRw2ZvXDNs=
侯增广,6972dc010000000022033554,侯林：战略思维洞见市场,01-23,创客能源,6818c5f4000000000a03e575,0,0,0,0,video,https://www.xiaohongshu.com/explore/6972dc010000000022033554?xsec_token=ABtUj19mfcio3tG95YEdMPU6HZw1f-lvoEIdfEHGdlkjI=
侯增广,6907148e000000000700bf33,精益求精,2025-11-02,猪小妹JiaJia,5ecccd4a00000000010054ec,47,1,10,1,video,https://www.xiaohongshu.com/explore/6907148e000000000700bf33?xsec_token=ABZlElw2WfiokhHC5y980AKkiC8idZmXbEp9OAVqziU-U=
侯增广,68f0c8dc00000000050314aa,救命🆘，我今天又说了不该说的助词，打我,2025-10-16,侯金凤,5b0695354eacab3857e00ab2,2,6,0,0,video,https://www.xiaohongshu.com/explore/68f0c8dc00000000050314aa?xsec_token=ABuLZcHH11LZ2r1MJSI9Vx2l85R06rICrh06RdEqFrbA8=
孙彦广,68d551b6000000000e026b87,彦军儿广演采访，又说到备备啦,2025-09-25,宠辱不惊,6523e465000000002a019295,11,1,2,4,video,https://www.xiaohongshu.com/explore/68d551b6000000000e026b87?xsec_token=ABzKVw_JksSCg1ztcLOPCdhUakRVhRAHlD3YI8ABiNJdA=
孙彦广,6898191300000000230248fa,,2025-08-10,天天向上,6788a518000000000801d04a,73,49,77,95,normal,https://www.xiaohongshu.com/explore/6898191300000000230248fa?xsec_token=ABgtIFYzi4foD0oQTZNxYN2SzK186q94wvHGEvngvuPLM=
孙彦广,68d3975e000000001003c126,,2025-09-24,Hello，广演！,60ab61730000000001002f87,2067,358,633,249,video,https://www.xiaohongshu.com/explore/68d3975e000000001003c126?xsec_token=ABYoV5a35kDlXFg9VFdcFZ4yoKRFpg7go6Tm3KmEEHiTE=
孙彦广,681cd667000000002203703c,等候多时,2025-05-09,阿廣Endless,5eaf6e080000000001007207,1922,190,876,51,video,https://www.xiaohongshu.com/explore/681cd667000000002203703c?xsec_token=ABwNqLjL5dhaf5ad1OjHZ5M94fd1aaNljq3P1Pjb3yNLQ=
孙彦广,68d53338000000000b0111a8,,2025-09-25,Hello，广演！,60ab61730000000001002f87,316,22,97,15,video,https://www.xiaohongshu.com/explore/68d53338000000000b0111a8?xsec_token=ABzKVw_JksSCg1ztcLOPCdhY3RjVCWFYJvRjLhG8TagD4=
孙彦广,68d65ac20000000012033120,关于我们的首任校长是“刘备”,2025-09-26,鳄鱼龟,61bda198000000001000ce91,1,1,0,0,normal,https://www.xiaohongshu.com/explore/68d65ac20000000012033120?xsec_token=ABft9u1vskB0maLdU_LeiwUOsSZVxecKonO3R9afmdgP8=
孙彦广,68d7ea04000000000702b770,与老校长孙彦军老师的深情一握！,2025-09-27,中传小公子,5e7873ae0000000001004fbc,71,17,7,3,normal,https://www.xiaohongshu.com/explore/68d7ea04000000000702b770?xsec_token=ABNvPtk5Hzvy0ATgBH-ymyBg8LvfcfFnWV7wsiRLGYE60=
孙彦广,68726aa4000000000b02cb31,,2025-07-12,南通叁爷,5e33d5450000000001002233,102,84,10,8,video,https://www.xiaohongshu.com/explore/68726aa4000000000b02cb31?xsec_token=ABBOV3UADE-yY-88lwYAzl0FX0KeqNnVHq0ufYpFLwmO4=
孙彦广,696f48db000000001a028d80,医疗不是卖货！,5天前,儿科心胸外科孙彦隽医生,62c10d00000000001b02bee8,62,9,3,0,video,https://www.xiaohongshu.com/explore/696f48db000000001a028d80?xsec_token=ABQQKYFz3UtZyCENhPZk0iYk5W8a7XGftygjv5EkbTya4=
孙彦广,69257e22000000001e00587b,焦虑也是一种“病”,2025-11-27,儿科心胸外科孙彦隽医生,62c10d00000000001b02bee8,7,0,0,2,video,https://www.xiaohongshu.com/explore/69257e22000000001e00587b?xsec_token=ABssshFS9S_6K7N6EzFVWawZt3iSXzf2AI2V90R-i0lzQ=
孙彦广,684ce1f3000000000303a300,,2025-06-14,声带管理师孙彦峰,62e0bc78000000001e01d82a,1,7,1,2,video,https://www.xiaohongshu.com/explore/684ce1f3000000000303a300?xsec_token=ABjQ_IUFXyhXxI8OG0h4ptM_YqtacHz8HJMhGNH_Hgkmw=
孙彦广,68da882500000000120315c2,励志故事，73岁老三国刘备转型当校长,2025-09-29,兴趣&爱好,628f82f7000000002102387e,1,0,0,1,video,https://www.xiaohongshu.com/explore/68da882500000000120315c2?xsec_token=ABhWi6GqMjMvbHf35H58n_bB_3BhyXwQW0tjGUvA_AiFg=
孙彦广,69410527000000000d035112,,2025-12-16,儿科心胸外科孙彦隽医生,62c10d00000000001b02bee8,25,7,4,4,video,https://www.xiaohongshu.com/explore/69410527000000000d035112?xsec_token=AB-h74eEevbxi28lP7DpStJnxX5Kaos2ib5vDa-VlOVN4=
孙彦广,68d953b0000000001301e437,孙彦军任广东亚视演艺职业学院校长,2025-10-07,硕博树洞菇,5d05a2370000000012031a33,0,0,0,0,normal,https://www.xiaohongshu.com/explore/68d953b0000000001301e437?xsec_token=AB5tmCmHBZCScSEjRBxwvPVcmCO69PYRZOMCwRSgAt-ks=
孙彦广,690311e10000000003020b35,你眼中的我是什么样的？,2025-11-02,儿科心胸外科孙彦隽医生,62c10d00000000001b02bee8,21,1,0,2,video,https://www.xiaohongshu.com/explore/690311e10000000003020b35?xsec_token=ABmtmfghrHkrclLZdO2106rJw5oYj-aHOEHxdHq3NnI78=
孙彦广,68d2af1c000000001003c7a7,,2025-09-23,Hello，广演！,60ab61730000000001002f87,513,50,130,36,video,https://www.xiaohongshu.com/explore/68d2af1c000000001003c7a7?xsec_token=ABt7fuACFRR32--S4qzc6QJpTvMKt4duJZ6A2p2PK_oAY=
孙彦广,6846e1840000000022028e4a,💙,2025-06-09,BABYSUN,5afa32b34eacab0ff65cfb1b,4,0,0,0,normal,https://www.xiaohongshu.com/explore/6846e1840000000022028e4a?xsec_token=ABn41U0XvgdXLyOjkywLxynheRty4RsExVa9zpG46OcVE=
孙彦广,6839ab710000000022034872,孙彦军老师广邀天下英豪共襄周年盛举,2025-06-02,三国谋定天下,631a2b6a000000002303ba2c,414,43,56,15,video,https://www.xiaohongshu.com/explore/6839ab710000000022034872?xsec_token=ABgLiAst1BAIa0n5YMXZQajA1hMdsN0ZNHMlf4SGesqtg=
孙彦广,65dc7ddf000000000b00e7bd,这种楷书不一般：北朝墓志精粹（下篇）,2024-02-26,雲煙,5647c90367bc656eae73c572,306,23,308,25,normal,https://www.xiaohongshu.com/explore/65dc7ddf000000000b00e7bd?xsec_token=ABbNQuNnz3Sp57Q82_cwVaaTL4uTv5Vak40wMtQ6OAt1o=
孙彦广,682ef8aa0000000022005931,三谋有心了！时隔30年再度同框！,2025-05-22,三谋独有小千,669a0977000000001e00fe36,0,0,0,0,video,https://www.xiaohongshu.com/explore/682ef8aa0000000022005931?xsec_token=ABlmKZu3m5FFgD-TlnOPBYUOWrAU-JvUqfNZWwOIb3A0s=
辛景民,6864bcf8000000001203c586,剧本杀《豪门34魍魉塔》复盘解析答案详解,2025-07-02,无聊,625918bb0000000021022a10,1,0,1,0,normal,https://www.xiaohongshu.com/explore/6864bcf8000000001203c586?xsec_token=ABFq6M_x5QRkvd4_p3sju0kRsnH9rKrX_zkhWalHx9AGg=
辛景民,68e878700000000004015eca,泣きたくなるぐらい難しい感じがするんだ あああー,2025-10-10,kiyo 🐾,5ea1b294000000000100137c,3,0,1,0,video,https://www.xiaohongshu.com/explore/68e878700000000004015eca?xsec_token=AB4gBO2BW8KJKmrkuBd-04sFBjYLFX87ZS_HLOGelSHKQ=
辛景民,695678810000000021031dbc,同学说：你这书好哇！,01-01,berlerber,6068741d00000000010043b0,653,18,277,24,video,https://www.xiaohongshu.com/explore/695678810000000021031dbc?xsec_token=ABFAlcPLsRdqS5LKkYLwqZjsHt7XaXY4dY2-FNnS_VAU0=
辛景民,68e5dcac0000000005033ccc,在亿万人海相遇,2025-10-08,尚弦,6031f7fe000000000101dcb6,4,0,0,0,video,https://www.xiaohongshu.com/explore/68e5dcac0000000005033ccc?xsec_token=ABqAfNiY3ezZStRnenC_jCUtJF3GrVq748jVM6-98P5YQ=
辛景民,68ce4543000000001302a882,雪照长线输出最终对比，雪御前是下位替代,2025-09-20,b站风一样自由ssr,67a645de000000000e01399f,5,1,0,0,video,https://www.xiaohongshu.com/explore/68ce4543000000001302a882?xsec_token=ABX2Jz5dwYzkI9vO49vrmOCgyfJ6IbT4bfuqtdWBGalyk=
辛景民,68f8d4a600000000070386bb,民熙仓活动到今晚12点就结束了是不是？,2025-10-22,cheese,65c5a1e30000000011017fd0,0,20,0,0,normal,https://www.xiaohongshu.com/explore/68f8d4a600000000070386bb?xsec_token=AB4rbvdWnA5gYDhZX-jRRh9Upq-tjEhQ_RwkJPwibV30E=
辛景民,6977941a000000000903b205,,3天前,北朝考古博物馆 骆小北,674705200000000008009394,85,13,24,0,video,https://www.xiaohongshu.com/explore/6977941a000000000903b205?xsec_token=AB1XJY78uXPXX1JCdw5jE68eS0DdGWsD1ei1vgL3ehkcI=
辛景民,68fd01cd000000000302eaf3,搞笑一家人,2025-10-26,roses& star,5acb6011e8ac2b1de5f967f2,1,0,0,0,normal,https://www.xiaohongshu.com/explore/68fd01cd000000000302eaf3?xsec_token=ABeZ02HjlzUmhFUWlo2T8vOBxqF5BFZqBowcax_3nb_N4=
辛景民,696ad57a000000000a03daed,#76 为什么985毕业生拼不过澳洲电工？,3天前,i人亮子,61b16cab0000000010007432,2,8,4,8,normal,https://www.xiaohongshu.com/explore/696ad57a000000000a03daed?xsec_token=ABJGymk37FNLgH3hKkfU-gRVD-tf_WyAjwfNLITG-IcfY=
辛景民,68ae4a5b000000001d004145,【定档】迪士尼韩剧《浊流之争》,2025-08-27,爱看美剧,60b32369000000000101dca0,29,0,10,3,normal,https://www.xiaohongshu.com/explore/68ae4a5b000000001d004145?xsec_token=AB2KCb_D9MuoGi5K115UVAtq9tMHS7-2xiF-VWAyLfTyg=
辛景民,68ac0cc9000000001c009c1c,取之于民，用之于民,2025-08-25,桑榆非晚,6534dc0000000000060065e6,3,2,0,0,video,https://www.xiaohongshu.com/explore/68ac0cc9000000001c009c1c?xsec_token=ABXlTh19hP8E3shBKrPI4LjZZ53MHN43BSInResDjwdao=
辛景民,689b05a5000000001d007dcb,观食贫道《神民的名义》有感,2025-08-12,紫色月亮是法师,63db3c5e0000000027035849,15,0,0,2,normal,https://www.xiaohongshu.com/explore/689b05a5000000001d007dcb?xsec_token=ABbmZ4h4eyw1-7X0TAv9JsYeLEJ13ip0gIYFX8USefG84=
辛景民,685e0e30000000002400cb63,《长安的荔枝》赵辛民凭什么有这么好的结局？,2025-06-27,梓玲追剧,66c2df44000000001d021007,2,1,0,0,normal,https://www.xiaohongshu.com/explore/685e0e30000000002400cb63?xsec_token=ABGa45tmkpfLv3LSK4OonKB66SFGCrOVAaNULEVtgZhvk=
辛景民,69438834000000001b030c1a,哎呀好喜欢这组图🤓🤓🤓🤓🤓🤓,2025-12-18,雅子,5ba4a3a53c98790001086b33,20,0,0,1,normal,https://www.xiaohongshu.com/explore/69438834000000001b030c1a?xsec_token=ABM9ZZrdH-Hu2LPpKJV4GfIzYNwcd0Q_LQ4bZR2bQdFGQ=
辛景民,6910860800000000040021e9,畅言普通话50套真题，单音节多音节，31~40,2025-11-09,小红薯69223A9F,67b35531000000000e01d33c,15,0,9,4,normal,https://www.xiaohongshu.com/explore/6910860800000000040021e9?xsec_token=ABN7APJkVnRifNlQ0xJq51NObqwMzYPnrGuEDdZjFJUBY=
辛景民,662713f50000000001007dc3,一图认识辛律师,2024-06-14,医法辛律师,60dc99530000000001007bc4,57,2,10,4,normal,https://www.xiaohongshu.com/explore/662713f50000000001007dc3?xsec_token=AByElJEJx_416wTq9QVfAZNiRXvMGXPdAayNdcG3Wp9FY=
辛景民,6881045e000000001203c43d,公考鼻祖孙景民教授助你成“公”！,2025-07-23,静静,5b909bcd09636b0001aa6028,3,6,1,9,normal,https://www.xiaohongshu.com/explore/6881045e000000001203c43d?xsec_token=ABOPIZ-LHCJ_xTVbOtEldk9dLEFIIdcCPzf6_aDG_NXzE=
辛景民,684bd13d000000002300145e,孙阳ELLEMEN预告，重塑赵辛民造型,2025-06-13,锦鲤跃龙门,5a09aa0511be1061043827c8,75,2,7,1,normal,https://www.xiaohongshu.com/explore/684bd13d000000002300145e?xsec_token=AB2Nsl68j9VVLuFz7IzlpaO0kd5AdsV3nC53ydBsPwDN8=
辛景民,68500000000000000303ca35,没人告诉我这叔这么低调有魅力啊,2025-06-16,九加十二等于希望,63628fab000000001f0197d5,47,48,10,3,normal,https://www.xiaohongshu.com/explore/68500000000000000303ca35?xsec_token=ABSG1-lhk8HS8D0m_KsFvdDmCcjIStNRxNxGTrUyFwydQ=
辛景民,6898b18b000000002303119f,好想欺负他啊啊啊,2025-08-25,泰优秀,5f167e9e0000000001004f10,834,15,69,23,video,https://www.xiaohongshu.com/explore/6898b18b000000002303119f?xsec_token=ABgtIFYzi4foD0oQTZNxYN2Yf0yLVhq9hbDi7PIGI6Sk8=
阳春华,6922deb0000000001e010177,控制学科苦难院士候选人，四年以后再战！,2025-11-23,湖南麓研咨询,5923021150c4b4387f293a8a,73,30,15,73,normal,https://www.xiaohongshu.com/explore/6922deb0000000001e010177?xsec_token=ABl7NvvkyKJYr9Zbn1V7L8AH_vlP6lu5zqxOyDo4Gu1xo=
阳春华,68b17876000000001c03e65c,2025中南大学可能上院士的老师！,2025-08-29,小红薯669C2E51,669b2c3e000000002401de2b,17,16,2,11,normal,https://www.xiaohongshu.com/explore/68b17876000000001c03e65c?xsec_token=AB5EsGRHklQFXUpPwLVNJf4YPvmFOTE_9U65vDOPdVYNc=
阳春华,67dfddcc000000001d01d7f3,湖南高校院士预测概率排序,2025-03-23,四处臻选,611e829e0000000001009531,89,54,15,137,normal,https://www.xiaohongshu.com/explore/67dfddcc000000001d01d7f3?xsec_token=ABwsWUUSmVgoAkZg5pbjF4VqtjZyx6adPw_VBD2-lDkfU=
阳春华,68c05e8b000000001d014f91,为什么中南大学荣誉一直在增加？,2025-09-11,ywyw,666814a0000000000b030a5e,19,2,3,4,normal,https://www.xiaohongshu.com/explore/68c05e8b000000001d014f91?xsec_token=AB-btWCo0PNAzORJP3sH7djaPrJbHLaRM8sM4QPTRTnss=
阳春华,67dfd142000000001e0058c5,25控制方向院士预测？,2025-03-23,四处臻选,611e829e0000000001009531,60,50,28,83,normal,https://www.xiaohongshu.com/explore/67dfd142000000001e0058c5?xsec_token=ABwsWUUSmVgoAkZg5pbjF4Vl3P_3T7-VHeKC9h0daLGAw=
阳春华,66b21542000000001e01f8a1,中南大学杰青教授大名单！,2024-08-06,湖南麓研咨询,5923021150c4b4387f293a8a,263,51,74,76,normal,https://www.xiaohongshu.com/explore/66b21542000000001e01f8a1?xsec_token=ABoE_Ofs6e8stQF6F2RszxvEVSuVbIVp8ec1DsrvV53XY=
阳春华,6833aabf000000002001f6fc,中南大学教授当选中国自动化学会副理事长,2025-05-26,香蕉观察,5e3cfb390000000001005281,3,0,0,2,normal,https://www.xiaohongshu.com/explore/6833aabf000000002001f6fc?xsec_token=ABzxhxXrUSbzyeVCRNahTmNRROL9gelOKzjdNAk5BWWgo=
阳春华,67515c0c000000000202bc0d,新鲜出炉❗中南大学国家科学技术获奖名单,2024-12-05,中南大学小芙学姐,65795016000000001c019816,15,10,2,15,normal,https://www.xiaohongshu.com/explore/67515c0c000000000202bc0d?xsec_token=ABSdK469uqLc6sInwgRA6PVpguz66WjrDsSHelBBTi1YQ=
阳春华,69607e01000000001a01e07e,潍坊食品饮料公司140+,01-09,鲁十六,6266bb3d000000001000e780,23,1,7,7,normal,https://www.xiaohongshu.com/explore/69607e01000000001a01e07e?xsec_token=ABCNa8-NuKhCedecOqkuIBOTFK6B089uyVfPTQ2-OrxdI=
阳春华,68ee5d8600000000030222cf,华植的猪血木要开了,2025-10-14,拳卷叶,5bc9f679bb750a0001a87350,4,3,0,0,normal,https://www.xiaohongshu.com/explore/68ee5d8600000000030222cf?xsec_token=AB3PEK6rPCtj6_zIDMjgol2GydcH9r3WbzxJVbtIDS-Ro=
阳春华,6862b0a30000000017033fa4,2024年度《控制理论与应用》优秀奖揭晓,2025-06-30,控制理论与应用,652f91a0000000002a018c70,27,5,9,13,normal,https://www.xiaohongshu.com/explore/6862b0a30000000017033fa4?xsec_token=ABAKStn1tvYb4GiC0RAD9y4tj3uDdffZGqhC_nka0Klnk=
阳春华,6966e5c9000000001a02febe,,01-14,只做新题材,5bc02377dc6054000110ef3f,2,0,1,0,normal,https://www.xiaohongshu.com/explore/6966e5c9000000001a02febe?xsec_token=ABGA1G8F7V_8dysqWZXhf3XpL7GomeXdoFCTiUoIOGDi0=
阳春华,68ca4c7a000000001302afb6,,2025-09-17,三十六笔徒,64f957c50000000005001352,16,2,8,2,normal,https://www.xiaohongshu.com/explore/68ca4c7a000000001302afb6?xsec_token=AB_Kk_TdgeEhHFenEa7lQpi95QVqJR2p9QkM6Rf8zluEs=
阳春华,6952d7a800000000210284a3,广东罗非鱼检出禁药孔雀石绿（强毒性、高残留,01-09,小爷我是个粗人,5ea0acc80000000001004bd4,78,8,14,71,normal,https://www.xiaohongshu.com/explore/6952d7a800000000210284a3?xsec_token=ABqNNbddz9WGVAdP0A0ucwxMGOXWLvqgQEuAIVDB0FqUA=
阳春华,69127f270000000007038775,广东省阳江市阳春市冲垌村选调生周冠廷,2025-11-11,倪怀成,5a7c1551e8ac2b752741c921,283,35,31,107,normal,https://www.xiaohongshu.com/explore/69127f270000000007038775?xsec_token=ABzrUvIrgl4kFWwJK5iLI4EAjcBE2LG0_19JPrQRyZ5w0=
阳春华,6820c4fb00000000210043dc,华姓起名,2025-05-11,木木,645f2989000000001400f308,0,14,2,0,normal,https://www.xiaohongshu.com/explore/6820c4fb00000000210043dc?xsec_token=AB1dgBeQR7p08BvTFP9MY1WeiMasMN2K4d5Rq1QqMbYls=
阳春华,6968956a000000002203bcda,上海2025年度美食榜单（详细文字版,01-15,小猪好吃喝,567bec7ba40e18428f84027b,1455,179,2430,1047,normal,https://www.xiaohongshu.com/explore/6968956a000000002203bcda?xsec_token=ABVieqwVsi_ldtrXsD1OBKfhJJgcVb22itP182LOyGz2c=
阳春华,68ff32a00000000004020d39,截至 2025 年 9 月 30 日承兑人逾期名单资,2025-10-27,中承小沈,6894156b00000000280241b3,0,0,2,1,normal,https://www.xiaohongshu.com/explore/68ff32a00000000004020d39?xsec_token=AB0oQ4SrCICmLO1Tulnck26zQ4T-JQTbTtIdTdrfHnpf4=
阳春华,68ae652a000000001d00a8be,春明一脉势浑雄，游龙惊鸿化剑锋,2025-08-27,华宗武道,60e7fe49000000002002a7c7,0,0,1,0,video,https://www.xiaohongshu.com/explore/68ae652a000000001d00a8be?xsec_token=AB2KCb_D9MuoGi5K115UVAtu5FUk_Z7QCkJ-BcLYUTf1s=
阳春华,67cf7d08000000002901010a,,2025-03-11,业余酒迷,629032520000000021024744,1,0,1,0,normal,https://www.xiaohongshu.com/explore/67cf7d08000000002901010a?xsec_token=ABd-0JEe79WIYzyRRnOrEZVZ3ZZU2wNHYz7FSCX9YOEPQ=
袁利,64214c8600000000130101d7,#中国国际时装周,2023-03-27,yan,5abb1ce64eacab7df3804e63,2,1,0,1,normal,https://www.xiaohongshu.com/explore/64214c8600000000130101d7?xsec_token=ABYN0wesrq9pEXgA36UuFRIbv_R_NHnsOkp2jtWGhMFOg=
袁利,690c16f400000000040023ba,意大利语听力练习｜3遍：盲听➕字幕➕翻译,2025-11-06,袁珍珍Bella（成都意大利语）,5bd589c290fb6500016fe0de,183,4,106,19,video,https://www.xiaohongshu.com/explore/690c16f400000000040023ba?xsec_token=ABkLWNu9TGCZG8njZkr6ywdO6tE1u7Bn6a4uT0tj0KVY0=
袁利,69528d1e0000000022022c46,,2025-12-29,东宁袁利,5b9908665939050001f45126,0,0,0,0,normal,https://www.xiaohongshu.com/explore/69528d1e0000000022022c46?xsec_token=ABqNNbddz9WGVAdP0A0ucwxFEgIUYw5e2NNthTeoyv56s=
袁利,670b88d3000000002100497e,我10年前竟然这么猥琐，当艺术家写生我时,2024-10-13,莫里哀.艺术创业,622a29c60000000021025313,72,5,22,1,normal,https://www.xiaohongshu.com/explore/670b88d3000000002100497e?xsec_token=ABwBQeBjwrtljETKmaVl8YgBO6LtZfaDAAljg_LDkoCMk=
袁利,68ee33bf000000000700ecd6,竟然获奖了？？,2025-10-14,岳阳宏發禧宴,657d9827000000002002c483,2,0,0,0,video,https://www.xiaohongshu.com/explore/68ee33bf000000000700ecd6?xsec_token=AB3PEK6rPCtj6_zIDMjgol2F5IgFt1TNQUthTwUACG76E=
袁利,69121078000000000400002e,意大利语听力练习｜小王子Capitolo 5,2025-11-11,袁珍珍Bella（成都意大利语）,5bd589c290fb6500016fe0de,13,0,9,2,video,https://www.xiaohongshu.com/explore/69121078000000000400002e?xsec_token=ABzrUvIrgl4kFWwJK5iLI4EP6pfX4gqix5bWUDIJqX-bg=
袁利,6971d2f40000000022009ff9,周四手术日 颅神经风险告知,01-23,袁越-神经外科医生,61dc2e680000000021029ee5,3,0,0,1,video,https://www.xiaohongshu.com/explore/6971d2f40000000022009ff9?xsec_token=AB2B8r9xpXdMLUoaUTfPVAAoRVo6wyiFQcA1RKVaRgj_8=
袁利,675be11d000000000203618b,【袁立】如何辨别一个人…,2024-12-13,法律人生路,64d981250000000001013714,5,2,0,1,normal,https://www.xiaohongshu.com/explore/675be11d000000000203618b?xsec_token=ABKnzH5X7evlJ0EFcdBXARTycUOwjZxwCTWeOXlH17Qfs=
袁利,67447a24000000000202c068,睡前必读小故事,2024-11-25,若一彩,6098fd1b000000000101caa5,1,0,2,0,video,https://www.xiaohongshu.com/explore/67447a24000000000202c068?xsec_token=AB1BIigR6DPzfToiRjo3RFydDHR24DqdGUlFoJ4DOZJ0w=
袁利,6741fc2f000000000201af3b,在苏州英格玛接待萧遐和袁利Coco夫妇,2024-11-24,Claudine,5ec7c505000000000101c40f,0,0,0,0,video,https://www.xiaohongshu.com/explore/6741fc2f000000000201af3b?xsec_token=ABZlMPSjMBOJN2tdqizlcr20-Lb_0OPutPhq7kEqBUPio=
袁利,6810f1ab000000002002addf,意大利人来成都旅游体验如何？,2025-04-29,袁珍珍Bella（成都意大利语）,5bd589c290fb6500016fe0de,15,7,5,1,video,https://www.xiaohongshu.com/explore/6810f1ab000000002002addf?xsec_token=AB9AKoYy2tyv9ja2LOv3Tcm2NVbXWY5z5gLH7pwyFZypQ=
袁利,674118dd00000000020299bd,探访100位艺术家工作室｜袁俐,2024-11-23,Brie Gallery,5c1b415d0000000006034d0e,13,3,5,12,video,https://www.xiaohongshu.com/explore/674118dd00000000020299bd?xsec_token=ABZlMPSjMBOJN2tdqizlcr27ajj69o0sF-IRoBTL50s74=
袁利,641589ad0000000011012c64,加油家具人💪💪💪,2023-03-18,徐州软装设计师-利利,641437a900000000110207cd,0,0,0,0,video,https://www.xiaohongshu.com/explore/641589ad0000000011012c64?xsec_token=ABCUHEC29XXWle95TQJvlxzRqO_fQWq72A87NRs20GY9A=
袁利,67f4a717000000001e00302e,袁乾利贞茶叶,2025-04-08,柠檬不酸,5d2ca50800000000100302de,2,0,0,0,normal,https://www.xiaohongshu.com/explore/67f4a717000000001e00302e?xsec_token=ABCkVhqTlSE25_15zEzdfufuzbYVUbsHgna6yzxnE7Yg0=
袁利,66c54865000000001d03a5f1,,2024-08-21,肿瘤微创介入专家袁春旺,6300b174000000000f004530,5,1,2,2,video,https://www.xiaohongshu.com/explore/66c54865000000001d03a5f1?xsec_token=ABu0_wS-J5t0JgfrkQW5gDd1l-zDfAni64NJ8H86I8nRI=
袁利,670f9673000000001b03c24f,故地重游，包回忆杀的！,2024-10-16,袁成杰,5b6ae893a001f600019b227b,193,13,15,6,video,https://www.xiaohongshu.com/explore/670f9673000000001b03c24f?xsec_token=AB1kKpfqSkaTdtpQchZfQS69x1NCMp2Vb9M2Lo7s0V8Ws=
袁利,68613a54000000001c0353ef,大排量自吸雷克萨斯RX350加版3.5LV6四驱,2025-06-29,天津进口汽车 小袁 袁利红,62275b790000000010008b61,1,4,0,0,video,https://www.xiaohongshu.com/explore/68613a54000000001c0353ef?xsec_token=ABcRGBo4Ja5lgPIbGPGwiZVzxeJpEoXVyWekPx6Z4-QYc=
袁利,66e78502000000001e01bf7d,,2024-09-16,小红薯6744E9F6,6667deee0000000007005a13,5,0,0,0,video,https://www.xiaohongshu.com/explore/66e78502000000001e01bf7d?xsec_token=ABzc1oQCOQICyY_HIgQBDdVKH-tApyw1tgBiHjdqqh0HI=
袁利,67340bfe000000001901afa1,,2024-11-15,肿瘤微创介入专家袁春旺,6300b174000000000f004530,0,0,0,0,video,https://www.xiaohongshu.com/explore/67340bfe000000001901afa1?xsec_token=ABpJrThfM5ymK5MDSMacg6OfufYFKrQlza_KPsdvGx30E=
袁利,69675f1b000000001a0372d0,好久没在成都办🇮🇹意大利语角的活动了,01-14,袁珍珍Bella（成都意大利语）,5bd589c290fb6500016fe0de,14,15,2,1,normal,https://www.xiaohongshu.com/explore/69675f1b000000001a0372d0?xsec_token=ABXI5IceuTJA2aahv0AnXE7NJEWUaxUPH5NT0Hm6YQ-MM=
张承慧,6922deb0000000001e010177,控制学科苦难院士候选人，四年以后再战！,2025-11-23,湖南麓研咨询,5923021150c4b4387f293a8a,73,30,15,73,normal,https://www.xiaohongshu.com/explore/6922deb0000000001e010177?xsec_token=ABl7NvvkyKJYr9Zbn1V7L8AH_vlP6lu5zqxOyDo4Gu1xo=
张承慧,681c1a980000000012004d05,张承慧教授团队成果入选国自然资助成果巡礼,2025-05-08,小红薯68DADF3A,6801fe670000000004032480,16,3,2,7,normal,https://www.xiaohongshu.com/explore/681c1a980000000012004d05?xsec_token=ABwNqLjL5dhaf5ad1OjHZ5M7JQfJXmuX45VIy44iwq9X8=
张承慧,675ba0840000000002014f46,椰林深处的女人,2024-12-13,于慧,5ba78ea6e839fb0001ed8125,86,10,30,12,video,https://www.xiaohongshu.com/explore/675ba0840000000002014f46?xsec_token=ABKnzH5X7evlJ0EFcdBXART4_QxHuQxpkMigM69s5cCqU=
张承慧,63006ab0000000001d0351bf,特等英雄张积慧回国，中央想提拔他为副师长,2022-08-20,小红薯657887DC,62463890000000001000c72c,66,2,5,2,video,https://www.xiaohongshu.com/explore/63006ab0000000001d0351bf?xsec_token=ABeFiiYsnwUsaemNmvKtf0bzDCajW5ia_XgwVDu_4ngms=
张承慧,67dfd142000000001e0058c5,25控制方向院士预测？,2025-03-23,四处臻选,611e829e0000000001009531,60,50,28,83,normal,https://www.xiaohongshu.com/explore/67dfd142000000001e0058c5?xsec_token=ABwsWUUSmVgoAkZg5pbjF4Vl3P_3T7-VHeKC9h0daLGAw=
张承慧,671114cf0000000016020187,一篇不太正式的悼念文,2025-01-25,椰子尼,635be286000000000a02500f,4,0,0,3,normal,https://www.xiaohongshu.com/explore/671114cf0000000016020187?xsec_token=ABsPvmhnXER5O5OtFN3eRqI-_HIuSG08khmLUnKHWwyCo=
张承慧,6936bc82000000001e004bc0,,2025-12-08,徐百慧,5909bf8c6a6a696024d03d33,333,56,31,11,video,https://www.xiaohongshu.com/explore/6936bc82000000001e004bc0?xsec_token=ABGDvU-3-4_lUiEedUPKsdRscgJUXFozxsWyFySjaY-jM=
张承慧,6644868b000000001e03b693,985教授，获最高科技奖！,2024-05-15,科研云（一站式科研服务）,638c2210000000001f0147d6,5,0,2,0,normal,https://www.xiaohongshu.com/explore/6644868b000000001e03b693?xsec_token=ABlgGCuOC7Zm7ZVEw8H_yqX08gEBtMk1e9SC_JzaPORz0=
张承慧,664c33e7000000001401ae6a,,2024-05-21,蟠桃园,6120db270000000001000f7f,7,0,3,0,normal,https://www.xiaohongshu.com/explore/664c33e7000000001401ae6a?xsec_token=ABISJlQBkSY3jAGg1EYnTLq4Jpye1ceI0HxZW3-VyzytU=
张承慧,65ddac2d0000000007005f94,女演员待业在家的一天vlog～姐姐姐夫来家里,2024-02-27,毛晓慧,5716c4a0aed7584ce8c404ec,2230,109,305,23,video,https://www.xiaohongshu.com/explore/65ddac2d0000000007005f94?xsec_token=ABq4rDsEmMBqSEUFjTwN9pccXm5kBnNSTYwzOuM5i1Y_Y=
张承慧,6900b3490000000004020312,电气领域20人入围25年院士增选有效候选名单,2025-10-28,重大电气羊羊哥,665d508c000000000b033155,88,52,32,120,normal,https://www.xiaohongshu.com/explore/6900b3490000000004020312?xsec_token=AB2s7gj6xw93C8k1cmYLUwEljHY43wgJzA0h05T5K-2wo=
张承慧,69605f31000000000e03da6f,早上好,01-09,周蕙,60922b29000000000100052c,74,27,5,1,video,https://www.xiaohongshu.com/explore/69605f31000000000e03da6f?xsec_token=ABCNa8-NuKhCedecOqkuIBOfDUVC9wWHTQ5KLZGBZ2YzY=
张承慧,6753d621000000000703419f,两位电气教授当选2025年IEEE Fellow！,2024-12-07,BUFF电气考研,626946740000000021026ac4,56,2,38,15,normal,https://www.xiaohongshu.com/explore/6753d621000000000703419f?xsec_token=ABIOyqY6MAmtlh_92WiHwCxXxCkPV3Q2A5GxO8Izcdu2k=
张承慧,66837822000000000a00501a,人生何处不相逢,2024-09-14,mango,6222c6e10000000010005897,7,1,0,0,normal,https://www.xiaohongshu.com/explore/66837822000000000a00501a?xsec_token=ABFdBRFvo-C6WrJh7eVczQkkhMZmSrityZCsO-ARZG3WI=
张承慧,6745d8f6000000000202c00d,☀️☀️☀️相见,2025-12-11,任真慧子,5c616785000000001b015cc0,50,7,1,9,normal,https://www.xiaohongshu.com/explore/6745d8f6000000000202c00d?xsec_token=ABtbvbQ-FKpUfqZi5oebiRsJ0ZN9uC07B90HoPXF30ot4=
张承慧,675fdf9f0000000013019893,冬天也要彩色！温温柔柔（装的,2024-12-16,毛晓慧,5716c4a0aed7584ce8c404ec,2190,181,223,90,normal,https://www.xiaohongshu.com/explore/675fdf9f0000000013019893?xsec_token=ABHyaYpY5tdBZZICaTkjQTBo6C_Dgk9zbJPlpU1Fm12zo=
张承慧,67f9cfd1000000001c03f8ce,国家自然科学基金评审专家｜信息学部,2025-04-12,终南山使者,5f7e99640000000001007a94,506,29,503,506,normal,https://www.xiaohongshu.com/explore/67f9cfd1000000001c03f8ce?xsec_token=ABPAFg8mAZ6voJ68cx0cW_A6403OsfReqHNoGpuH87WF8=
张承慧,692a7b9f000000000d03edcd,电气领域IEEE Fellow！！！,2025-11-29,电气考研天天哥,664531ea0000000007006094,57,6,43,47,normal,https://www.xiaohongshu.com/explore/692a7b9f000000000d03edcd?xsec_token=ABm3kvb8Ho3F7kJfasP-ZNu0csAur0LQxfKcdVK2QO5C8=
张承慧,694a9b6b000000001e0118ce,咔嚓咔嚓📷她A完我A，我A完她A哈哈哈哈哈哈,2025-12-23,毛晓慧,5716c4a0aed7584ce8c404ec,1478,84,99,13,normal,https://www.xiaohongshu.com/explore/694a9b6b000000001e0118ce?xsec_token=ABchzLJbbuhokfJVPYSnX6yOUrM-Pga8P4IFLsomMzU-M=
张承慧,6750684f0000000007039d1d,电气工程领域IEEE Fellow，汇总！,2024-12-04,电气考研天天哥,664531ea0000000007006094,46,3,43,18,normal,https://www.xiaohongshu.com/explore/6750684f0000000007039d1d?xsec_token=AB88ImmO3J73IasEBJcZbqf4-BiW-fEJBN45l6uOgimBU=
赵延龙,68b67267000000001c011acf,40+遭了这些罪，活该姐年轻漂亮,2025-09-02,赵老师小助理｜雅乐美,68402b04000000001b0227cf,0,0,0,0,video,https://www.xiaohongshu.com/explore/68b67267000000001c011acf?xsec_token=ABamDpBblkQRch4394MdzSzSJO2A_UeiLoD25yismu7g0=
赵延龙,67f9cfd1000000001c03f8ce,国家自然科学基金评审专家｜信息学部,2025-04-12,终南山使者,5f7e99640000000001007a94,506,29,503,506,normal,https://www.xiaohongshu.com/explore/67f9cfd1000000001c03f8ce?xsec_token=ABPAFg8mAZ6voJ68cx0cW_A6403OsfReqHNoGpuH87WF8=
赵延龙,67219bc4000000001b02d900,原来这才是松垮脸有效变美微调的魅力~,2024-10-30,赵龙定制美学｜容猫,6707588f000000001d0318f6,0,1,0,0,video,https://www.xiaohongshu.com/explore/67219bc4000000001b02d900?xsec_token=ABQDEWIfNu4V9YKdVCOb5HOZz0swzPMF73TbFoD6qgqyM=
赵延龙,68b1752d000000001b02102b,只是做了个轮廓提升，被吐槽变化太大了！,2025-08-29,赵老师小助理｜雅乐美,68402b04000000001b0227cf,1,0,1,0,video,https://www.xiaohongshu.com/explore/68b1752d000000001b02102b?xsec_token=AB5EsGRHklQFXUpPwLVNJf4TIyrAiu6JvU9XMoJzRrWHE=
赵延龙,68ad3891000000001c01369c,告别显老熬夜疲态脸，精致上镜变美思路！,2025-08-26,赵老师小助理｜雅乐美,68402b04000000001b0227cf,0,0,0,0,video,https://www.xiaohongshu.com/explore/68ad3891000000001c01369c?xsec_token=ABSU7kaVp6CR1WyTsMYaLQK8a1IAicePw1mz1bTAQ_7bA=
赵延龙,67c9634b000000002a002ea7,赵冀龙真懂武术吗？！,2025-03-06,云山一笑,6670e0e80000000007005e2c,6,0,1,1,normal,https://www.xiaohongshu.com/explore/67c9634b000000002a002ea7?xsec_token=ABc6MtGRCrR0JkPXbvqcPJf3MCqnXGQPv-Mo-tsDorofQ=
赵延龙,68e203b500000000070362f7,,2025-10-05,小红薯68E2D9D2,6265f854000000001000a334,0,0,0,0,video,https://www.xiaohongshu.com/explore/68e203b500000000070362f7?xsec_token=ABvMtRN6t-evNHpD4bJYV8WIP7kulColtm6bIevxAbkKY=
赵延龙,68b15618000000001c00d8f9,这一块，我感受到了头包脸给到的杀伤力！,2025-08-29,赵老师小助理｜雅乐美,68402b04000000001b0227cf,0,0,0,0,video,https://www.xiaohongshu.com/explore/68b15618000000001c00d8f9?xsec_token=AB5EsGRHklQFXUpPwLVNJf4fNNhfagIAE8jii3GrMTlyE=
赵延龙,68b2c865000000001b0210c0,垮脸➕凹陷！这样做才是减龄的提升思路！,2025-08-30,赵老师小助理｜雅乐美,68402b04000000001b0227cf,1,0,0,0,video,https://www.xiaohongshu.com/explore/68b2c865000000001b0210c0?xsec_token=ABVlHp73Haapgf7IXTdYXTi4eBt2Hk2PAagPZmU1omWok=
赵延龙,67d2ba25000000001d03a381,赵冀龙站桩精髓班课程,2025-03-13,巧巧,63a71a8300000000260060e9,2,11,4,3,normal,https://www.xiaohongshu.com/explore/67d2ba25000000001d03a381?xsec_token=ABY3OKm2rNQz6pwb7zJ-bUroBNyztbtsfG06L0qGpvlKo=
赵延龙,686d249d0000000012031928,,2025-07-08,赵 钱 孙 李,64e6eeaf0000000001013cb0,0,0,0,0,video,https://www.xiaohongshu.com/explore/686d249d0000000012031928?xsec_token=AB-ba7TiDYXHiBYf_P0OYQscTFMLLacmDraIMXnUe3XfM=
赵延龙,68aa988a000000001c009443,普通女孩微调40%变化到底有多大！,2025-08-24,赵老师小助理｜雅乐美,68402b04000000001b0227cf,0,0,0,0,video,https://www.xiaohongshu.com/explore/68aa988a000000001c009443?xsec_token=ABOE67vBX2bbazcp9N2tV2P0jc238dVV0adLCgcb-a8pE=
赵延龙,6722ebaf000000001b02ab45,韧带滋养我替你们试了，变美只需要30分钟~,2024-10-31,赵龙定制美学｜容猫,6707588f000000001d0318f6,5,1,2,1,video,https://www.xiaohongshu.com/explore/6722ebaf000000001b02ab45?xsec_token=AB9lMW6r1A15U7yEtMfcCNIBGhj-9rg-jhS-odeCn_VHs=
赵延龙,6870f6a90000000017030a54,,2025-07-11,赵 钱 孙 李,64e6eeaf0000000001013cb0,0,0,0,0,video,https://www.xiaohongshu.com/explore/6870f6a90000000017030a54?xsec_token=ABQOQDA3kqheCPYuCGTIK7SopPmzFbLt2pyVNtpcyUQdI=
赵延龙,6808947c00000000090163a4,,2025-04-23,无极太极,6551841a000000000802ca88,0,1,2,0,video,https://www.xiaohongshu.com/explore/6808947c00000000090163a4?xsec_token=ABP2MZPXlifT4RV9nnGZJjC68SMvzRg3XKH5AO2999fVw=
赵延龙,68b184cb000000001d0362e5,拜见祖师爷,2025-08-29,我在京城教站桩打坐,65bc80ae000000000d01c7fa,7,0,3,1,video,https://www.xiaohongshu.com/explore/68b184cb000000001d0362e5?xsec_token=AB5EsGRHklQFXUpPwLVNJf4Ros-j2N9YcpeTr2Gryw_N0=
赵延龙,68a96a55000000001c00ca74,普通女孩流畅外轮廓的微调思路~,2025-08-23,赵老师小助理｜雅乐美,68402b04000000001b0227cf,0,1,0,0,video,https://www.xiaohongshu.com/explore/68a96a55000000001c00ca74?xsec_token=ABC3TbJ2aYzjBPZTlqy-YDBvIqGmLr0RwKd40Y9t-3Usc=
赵延龙,68b2adc3000000001b021567,做了个面部提升后，状态真的绝了...,2025-08-30,赵老师小助理｜雅乐美,68402b04000000001b0227cf,0,0,0,0,video,https://www.xiaohongshu.com/explore/68b2adc3000000001b021567?xsec_token=ABVlHp73Haapgf7IXTdYXTiyGMtN0fnVyir__vO8PzCAE=
赵延龙,67fcca8c000000000e004b7d,,2025-04-14,无极太极,6551841a000000000802ca88,4,0,1,0,video,https://www.xiaohongshu.com/explore/67fcca8c000000000e004b7d?xsec_token=ABKkqs2OP3e7H8yKBKFYXHZVtwglzu00XVaM33th1TcGY=
赵延龙,66e60d0f000000001e018c64,吉林市陶瓷博物馆记,2024-09-15,多情应笑我,66b0750e000000001d033504,5,0,5,0,normal,https://www.xiaohongshu.com/explore/66e60d0f000000001e018c64?xsec_token=ABVAlVT0dPJLQpN5KY8vlW2XDnmKCLXb7eHjvKp_Wc-8c=
周杰,697c2130000000001a02ccc4,,11小时前,娱乐婶,671c78a4000000001d030b07,47,0,13,8,video,https://www.xiaohongshu.com/explore/697c2130000000001a02ccc4?xsec_token=ABMahuF0O3CCvWrYc-FVjeZeY9DEzXanU1s1RjmgQId2M=
周杰,697acdb0000000000d00a826,,1天前,唐河容信工厂招聘容容,694908d8000000002a01f35d,0,0,0,0,normal,https://www.xiaohongshu.com/explore/697acdb0000000000d00a826?xsec_token=AB1aP-pqCBFi4OjePxNDwGzjyPugtiJBrbM5IH9FX5zk4=
周杰,696e31ae000000001a02f814,凭尔康包拯封神的周杰，消失多年竟在话剧舞,01-19,二姐分享,641ae1e400000000120118c4,5,0,1,0,video,https://www.xiaohongshu.com/explore/696e31ae000000001a02f814?xsec_token=ABq-WE-fqHBxpx5890XDBwlbPGBATEugxsZZMJuB9Xg-0=
周杰,697c5a17000000002103c6a1,《明明就》周杰伦音乐翻唱#周杰,6小时前,红伦,67e2041f000000000d0082c0,3,3,0,0,video,https://www.xiaohongshu.com/explore/697c5a17000000002103c6a1?xsec_token=ABMahuF0O3CCvWrYc-FVjeZYPvBYsmnVC88wJrs1nMZZ4=
周杰,69637206000000001a01dbee,头发去哪儿了？,01-11,西城随袁,5fbe6275000000000100948b,48,71,4,2,normal,https://www.xiaohongshu.com/explore/69637206000000001a01dbee?xsec_token=ABMyR04VhpECAqf_qdy5HuZgVGpLmzs2FRJ-yntGHRAcc=
周杰,69706d29000000002103116d,观看易立竞和周杰的访谈有感,01-21,momo,67b59267000000000e01f1e1,6,0,3,0,normal,https://www.xiaohongshu.com/explore/69706d29000000002103116d?xsec_token=ABW-0gb8oYBzKscFTLc3Ik5z4ea4qhcS8rxquHbd4EqvQ=
周杰,697c7148000000000a030471,04 185 自然卷 深圳宝安 蹲对象,5小时前,纠结伦很周杰,69621dd90000000032028b29,2,4,0,0,normal,https://www.xiaohongshu.com/explore/697c7148000000000a030471?xsec_token=ABMahuF0O3CCvWrYc-FVjeZV7zMWgYjjUqsF4M_7M9fQo=
周杰,697739ba000000002202e9bb,腰椎滑脱，邻居带来找周主任，一招滚床解决,4天前,中医周杰主任,67e27132000000000801591e,56,4,82,48,video,https://www.xiaohongshu.com/explore/697739ba000000002202e9bb?xsec_token=AB1XJY78uXPXX1JCdw5jE68fRjViTm9Apfh-VVfVVHbFQ=
周杰,69763d6d000000001a032174,凤凰山骑行，新手（我这样的）多锻炼体能。,4天前,周杰,5d2a0c58000000001003e518,2,0,0,0,video,https://www.xiaohongshu.com/explore/69763d6d000000001a032174?xsec_token=AB3ymIoWX1qWFqfJPe2jRok9y_4v65aZiofB07i4s5CCw=
周杰,697c13bb0000000009038e16,女生找对象，就像是买纺。,11小时前,秋灯叙,5cf8cc80000000001601fd67,3,0,0,0,normal,https://www.xiaohongshu.com/explore/697c13bb0000000009038e16?xsec_token=ABMahuF0O3CCvWrYc-FVjeZZA9H-YkMl8F7WnE8xBdeLc=
周杰,696e2b4a000000001a01f58e,周杰反问周杰胡：你是风儿，我是啥？,01-19,周杰胡（罐罐二胡）,610b93e50000000001015481,124,14,8,19,video,https://www.xiaohongshu.com/explore/696e2b4a000000001a01f58e?xsec_token=ABq-WE-fqHBxpx5890XDBwlVHzJNQuFhTMRLP7PbIOb20=
周杰,697b2bf70000000022020d06,巴士司机颈椎病，疼痛3年，上网找到周主任,1天前,中医周杰主任,67e27132000000000801591e,2,0,1,0,video,https://www.xiaohongshu.com/explore/697b2bf70000000022020d06?xsec_token=ABlo95aYnllN1PYubbFPqHde90Bmq7swtZaIxijLDI9Vk=
周杰,694f13340000000021030bd6,化为乌有,2025-12-27,momo,6846a6e3000000001d0174ac,11,5,0,0,normal,https://www.xiaohongshu.com/explore/694f13340000000021030bd6?xsec_token=AB0tZbeYNh-lOgA5_GP99hxmPwt9JeHfCIUDTw_VjFUAg=
周杰,697c7312000000002203397b,,5小时前,Q桌球-周杰（招助教）,684eab14000000001b01b69f,2,0,2,0,normal,https://www.xiaohongshu.com/explore/697c7312000000002203397b?xsec_token=ABMahuF0O3CCvWrYc-FVjeZQGp2lY8HpO_o-ymOm1X4U0=
周杰,6908bc3c000000000402bfcf,周杰不打算在娱乐圈混了，吐槽娱乐圈众星,2025-11-04,爱尚足际🍀,68e2769a0000000037002d17,44,6,21,7,video,https://www.xiaohongshu.com/explore/6908bc3c000000000402bfcf?xsec_token=ABPqx0S6ZHs0CutfcPBIeEarg2Gw1hLeoGMvuqw1KRNDI=
周杰,693a9f7f000000001e0062af,周杰这发言太敢了：大多数商业都在算计底层,2025-12-11,三重王思葱,6878934b000000001d00aa70,4,0,1,2,normal,https://www.xiaohongshu.com/explore/693a9f7f000000001e0062af?xsec_token=ABeourcaCbFf0lmmuUJB5qhnNGAWQvffx4dUOXV1GoXgg=
周杰,69366f01000000001e007dac,,2025-12-08,雨幽寻,62654d60000000001000a146,5,0,1,0,normal,https://www.xiaohongshu.com/explore/69366f01000000001e007dac?xsec_token=ABGDvU-3-4_lUiEedUPKsdRl87njFgSFb887aUWRZ9X6U=
周杰,69717b07000000002103ea86,各位金融大佬，我也很想知道这个周杰是谁啊,01-22,一棵竹小夭,54605e96e7798917b6e2482d,0,6,0,0,normal,https://www.xiaohongshu.com/explore/69717b07000000002103ea86?xsec_token=AB2B8r9xpXdMLUoaUTfPVAAta3H2-xLdgSCiug4TxlAXI=
周杰,696f8613000000000e03ef16,周杰迎新年舞会,01-20,🎥虎啸,646128a0000000002a009fe7,4,0,1,0,video,https://www.xiaohongshu.com/explore/696f8613000000000e03ef16?xsec_token=ABQQKYFz3UtZyCENhPZk0iYhIUHqSXChfr_g0mDe3lGl4=
周杰,69385b84000000001b03003d,人夫尔康现代时候（啊,2025-12-10,momo,6846a6e3000000001d0174ac,147,159,39,13,normal,https://www.xiaohongshu.com/explore/69385b84000000001b03003d?xsec_token=ABRz3uM-DEHBLpDaZmnJftkPll8RZ4ZjLMfc2_omzHJeM=
陈杰,68803550000000000b01c4ea,突发，小鹏挖走了字节 Seed 团队专家陈杰,2025-07-23,大厂往事爆料,6377a1c1000000001f01fa5b,96,14,30,224,normal,https://www.xiaohongshu.com/explore/68803550000000000b01c4ea?xsec_token=AB4mD5tHcoo_xZqvDEDNC0ooDmD3Gx2R0jSz52R_jBmz0=
陈杰,69679be8000000001a02ef84,作曲人自弹自唱龙舌兰demo版本,01-14,FM 727,649a2f180000000025036e93,458,26,104,145,video,https://www.xiaohongshu.com/explore/69679be8000000001a02ef84?xsec_token=ABXI5IceuTJA2aahv0AnXE7LAD5aB0GiD-cMq-TdOgQTE=
陈杰,6946a07e000000001b031139,长沙理工大学陈杰任副校长！,2025-12-20,四处臻选,611e829e0000000001009531,18,19,4,88,normal,https://www.xiaohongshu.com/explore/6946a07e000000001b031139?xsec_token=ABCUKKPweenXL2BmF4SoXqE84WfjiY6Z7YgzmmkFBXB2I=
陈杰,6901f1920000000003013dfc,北口门牙根尖炎治疗全流程,2025-10-29,是湖里的小金鱼哇,62ba5e24000000001b0291f7,8,13,0,0,normal,https://www.xiaohongshu.com/explore/6901f1920000000003013dfc?xsec_token=ABm4WXEOjO7HOoRBRunmckOPaojB2hcQCNs8tMFekIOjA=
陈杰,694faeba000000001e020015,人事任免：陈杰任江门市委书记，原书,2025-12-27,klsoid,66ce8ea7000000001d023b0c,49,0,7,31,normal,https://www.xiaohongshu.com/explore/694faeba000000001e020015?xsec_token=AB0tZbeYNh-lOgA5_GP99hxkhP7PZGbj5WwKASj4bDpy0=
陈杰,673ab1540000000007027f88,紫光总裁：减少AI行业重复投资和内卷,2024-11-18,未来智能Mind,54eebb7e2e1d933eec5e2a55,1,0,0,0,normal,https://www.xiaohongshu.com/explore/673ab1540000000007027f88?xsec_token=ABd5ql7j8fIhZDUGe_RisiOTdUatmnwKSAdxJImdzNJKg=
陈杰,6880347b00000000230063fb,小鹏机器人“招兵买马”，陈杰已加入,2025-07-23,大厂扒圈儿,68424a4a000000001d01547d,5,2,3,8,normal,https://www.xiaohongshu.com/explore/6880347b00000000230063fb?xsec_token=AB4mD5tHcoo_xZqvDEDNC0okolfTrwPPlyALBWMtLRPiw=
陈杰,697c52f3000000001a027592,小猫咪找领养家长,7小时前,陈杰,64182b380000000012012002,0,3,0,0,normal,https://www.xiaohongshu.com/explore/697c52f3000000001a027592?xsec_token=ABMahuF0O3CCvWrYc-FVjeZcowC1FC3mWV8Rrf9UMpXmM=
陈杰,687b20f6000000001203f8c6,,2025-07-19,易武茶源,5e3fdb86000000000100358f,1,0,0,0,normal,https://www.xiaohongshu.com/explore/687b20f6000000001203f8c6?xsec_token=ABsc0n2yVXCClEIH3KfO58ys2tsJBqGfAOXO96I6J4nTc=
陈杰,697c547b000000000a031803,来吃老豆腐了！,7小时前,從簡.,5fa50484000000000100007a,1,1,0,0,normal,https://www.xiaohongshu.com/explore/697c547b000000000a031803?xsec_token=ABMahuF0O3CCvWrYc-FVjeZbn12owJggPMRz8V1Oh9yU8=
陈杰,697c5e0a000000002202e79d,,6小时前,碎碎念,6762ca55000000001801ffd1,8,2,0,0,normal,https://www.xiaohongshu.com/explore/697c5e0a000000002202e79d?xsec_token=ABMahuF0O3CCvWrYc-FVjeZbqmeqaDRpgZJEHTv-gqLbU=
陈杰,69411cef00000000190249b5,科技圈大瓜：几十亿的假账,2025-12-16,大厂insight,5d18a5a4000000001101c9ab,470,118,78,1706,normal,https://www.xiaohongshu.com/explore/69411cef00000000190249b5?xsec_token=AB-h74eEevbxi28lP7DpStJtJyl09JIymbLoYaVEobnN8=
陈杰,68de6df20000000007022958,用加查复刻英语书人物！,2025-10-07,胡煜,643175ce000000000e01f17a,3,3,3,0,normal,https://www.xiaohongshu.com/explore/68de6df20000000007022958?xsec_token=ABYHeBkrQwwwYxNiOIyu-_mwVX9uV3_M-sYlVdH_Fg22Y=
陈杰,67962e6100000000180124d9,一本我刷了三遍的书！一个字，牛！,2025-01-26,他乡书客,644f4afe00000000120369ee,23,8,15,11,normal,https://www.xiaohongshu.com/explore/67962e6100000000180124d9?xsec_token=ABZBhZcw33vc_hZzocYYSdpie6mCszbXXY5yFomzr_2WI=
陈杰,697c02c8000000002102a8ce,奶泡稀了一点，底纹控制不住的乱跑,13小时前,陈杰,5f6eb9a30000000001003b8e,6,2,0,0,video,https://www.xiaohongshu.com/explore/697c02c8000000002102a8ce?xsec_token=ABMahuF0O3CCvWrYc-FVjeZW7esrCH3ZfLijhXFSA_ctA=
陈杰,688062290000000012023e7f,何小鹏曾说人形机器人还要再投500亿,2025-07-23,大厂观察,6655a469000000000b032401,9,0,3,2,normal,https://www.xiaohongshu.com/explore/688062290000000012023e7f?xsec_token=AB4mD5tHcoo_xZqvDEDNC0otc65L0iyRTuy2okWSiOw5s=
陈杰,6737827c000000001a03524a,,2024-11-16,陈杰（后卫版）,619e45570000000010009be4,2,10,0,0,normal,https://www.xiaohongshu.com/explore/6737827c000000001a03524a?xsec_token=AB0dCTIXdC9fQZ8yaRkqEVq-oxQxi57QbiAeWnwZuDH0U=
陈杰,663a4140000000001e01f0db,GIRLS HELP GIRLS,2024-05-07,简衣好物（陈杰）,5aa752514eacab62a3dd8295,1,3,1,0,normal,https://www.xiaohongshu.com/explore/663a4140000000001e01f0db?xsec_token=ABsZrJt7iZV0AUk3uOTvzERpcVDs3NquXa0g3-1DQY_Fs=
陈杰,68804591000000001202debe,小鹏机器人团队扩招，原字节陈杰加入,2025-07-23,大厂慢放君,5ef187cb000000000101c570,3,0,0,3,normal,https://www.xiaohongshu.com/explore/68804591000000001202debe?xsec_token=AB4mD5tHcoo_xZqvDEDNC0oqZ9h9z2XuHSieiCJdycsnE=
陈杰,69757bf1000000000b00b7f3,大胆报个！上海交通大学公共管理非全博士,5天前,牛博士咨询处,64a9391f000000001c0291bc,2,0,3,0,normal,https://www.xiaohongshu.com/explore/69757bf1000000000b00b7f3?xsec_token=ABoIzWJljPRxYrc0ZHxAcQVCsIZofiu4QUKlYRYGlMp6g=
戴琼海,68c42332000000001d023131,清华方璐-戴琼海Nature compute:全光非线性,2025-09-12,感存算一体,5e5372c40000000001008f6c,130,19,95,237,normal,https://www.xiaohongshu.com/explore/68c42332000000001d023131?xsec_token=ABHbYnhG9QIODATrnP1e2WfVsn8kV1RuMMxbdSu63C7Qc=
戴琼海,686de072000000002203d381,戴琼海院士：三大奇点决定人工智能未来突破,2025-07-09,上科大曲俞睿,65332d59000000002b001ced,20,13,15,7,normal,https://www.xiaohongshu.com/explore/686de072000000002203d381?xsec_token=AB-ba7TiDYXHiBYf_P0OYQsV-QX4uUn9w2BWINukirBBY=
戴琼海,677f84ae000000001800cff1,人工智能领域专家邀约 ℓ 戴海琼ℓ两院院士,2025-01-09,五洲名人演讲局诺奖得主代言,65f2a10f000000000d027d27,17,0,5,15,normal,https://www.xiaohongshu.com/explore/677f84ae000000001800cff1?xsec_token=ABZcrpO3nOGyM1Wmqp4wi6gaf99Q9AwwPUxazN_HAu7Qo=
戴琼海,687899c20000000023004474,戴琼海老师——中国工程院院士,2025-07-17,莉莉~,6505064b0000000016038502,2,2,0,0,normal,https://www.xiaohongshu.com/explore/687899c20000000023004474?xsec_token=ABIVo2e-KdM_XYqRXnLN2qrWTELkdd5I2K8KsN3ASZXLo=
戴琼海,6878aaac000000002400ee15,戴琼海—中国人工智能学会理事长,2025-07-17,央智国研研究院老师助理,66288589000000000303039c,0,0,1,1,normal,https://www.xiaohongshu.com/explore/6878aaac000000002400ee15?xsec_token=ABIVo2e-KdM_XYqRXnLN2qrYLaNwrH1wzSdygcSeBIS0Y=
戴琼海,68679307000000001c033dbe,,2025-07-04,五洲名家智库,665926ac000000001e00e205,0,0,3,1,normal,https://www.xiaohongshu.com/explore/68679307000000001c033dbe?xsec_token=ABTwkKN0r1yJF3NXwaV070jmVfE_KZ0RgiJ-29mWcKICU=
戴琼海,68197f580000000003039299,这些存算一体研究大牛的文章，你读过几篇？,2025-05-06,感存算一体,5e5372c40000000001008f6c,461,68,634,177,normal,https://www.xiaohongshu.com/explore/68197f580000000003039299?xsec_token=ABtZQhrdZ7HrpFPVNGV-TzRiVnfeF70uD2b3pdoP5hxSE=
戴琼海,68a31f13000000001d0291db,清华戴琼海院士：全模拟光电神经网络芯片,2025-08-18,感存算一体,5e5372c40000000001008f6c,130,9,102,90,normal,https://www.xiaohongshu.com/explore/68a31f13000000001d0291db?xsec_token=ABjO59Wm13ierUsqMTvzTyvZ5LE4wvQ0ftq5FTxUljR9E=
戴琼海,69664c8a000000000a03d672,🇨🇳清华博士后/ 实习生招聘 ｜清华院士团队,01-13,特别夏南半球记.,618088d5000000001000d4d3,5,6,10,12,normal,https://www.xiaohongshu.com/explore/69664c8a000000000a03d672?xsec_token=ABGA1G8F7V_8dysqWZXhf3Xrflx17PSiIKAbpHHw6Zzzc=
戴琼海,662f129a0000000001004367,飞鸟科学家和青蛙科学家，我们都要！,2024-04-29,阿里达摩院扫地僧,60cae27f000000000101f58d,29,1,5,7,video,https://www.xiaohongshu.com/explore/662f129a0000000001004367?xsec_token=AB9yhmexypcYEQ2yL-DXGPlUdLTNEhH8NrMlP5i5fGeb4=
戴琼海,68a2e09f000000001d012227,清华大学信息国家研究中心招收大模型实习生,2025-08-18,zone学姐（计算机保研）,60c49296000000000100badf,17,3,17,7,normal,https://www.xiaohongshu.com/explore/68a2e09f000000001d012227?xsec_token=AB9Lqc_Vsp1_G-Z27ghZY_6R89Cermvcv1Bt2SryIkZw8=
戴琼海,6718e743000000001b02f760,戴琼海院士AI Paradox主旨演讲,2024-10-23,艾尔问Alvin,5e3249230000000001003c2e,2,0,1,0,normal,https://www.xiaohongshu.com/explore/6718e743000000001b02f760?xsec_token=AB2PMFWJs4lm92JTZbg7y_kO2rhDVkQJ1pCIa4-3M2bsI=
戴琼海,67fce54a000000001202ca30,人工智能领域专家推荐：戴琼海院士,2025-04-14,五洲丨名人演讲局代言背书,646229c9000000002a0093b7,0,0,0,1,normal,https://www.xiaohongshu.com/explore/67fce54a000000001202ca30?xsec_token=ABKkqs2OP3e7H8yKBKFYXHZbtaOnijIBE6Wyn7b7xF7NQ=
戴琼海,68173eb6000000000303e358,救命！清华团队又双叒放大招了！,2025-05-04,阿莫西林,67c27640000000000d00a5ca,14,0,9,7,normal,https://www.xiaohongshu.com/explore/68173eb6000000000303e358?xsec_token=ABA5OKZNRHvcIRp0rOY09AmzH4dmM1ICKI_6guiQlJuw4=
戴琼海,661938cd000000001a01792b,清华团队Science发布中国AI光芯片“太极”,2024-04-12,栗叔有棵栗树,61e127530000000002019522,38,0,10,18,normal,https://www.xiaohongshu.com/explore/661938cd000000001a01792b?xsec_token=ABKd8WuRcd-hBeCWnd8H1z1U4nBq2lF036ZHTr6uvhpU8=
戴琼海,67e56399000000001c002870,,2025-03-27,小红薯68FB8879,64b3ccf1000000001c028b06,19,2,17,14,normal,https://www.xiaohongshu.com/explore/67e56399000000001c002870?xsec_token=ABVKA1BZxmIImicvEnFbjblMYxofumRN-Zv4OrR6KTVME=
戴琼海,65423362000000000403bde4,清华大学开发超高速光电计算芯片，算力超 3,2023-11-01,知识产权,638deb16000000001f019e41,11,1,10,4,video,https://www.xiaohongshu.com/explore/65423362000000000403bde4?xsec_token=ABdLIqHX1IEKihJsr-mvjnyHvZFp3SgJJL3pEc5uddf74=
戴琼海,68a80fba000000001d00e2e8,看着老天赏头突然有点惋惜..,2025-08-22,宅酒酒（逆水寒手游）,614512d4000000000202307b,295,23,5,3,video,https://www.xiaohongshu.com/explore/68a80fba000000001d00e2e8?xsec_token=ABZH2221CMYCw7fm4yQiaeESee7SBjBURSzh06bulzSUs=
戴琼海,696f1ae7000000001a026f00,脑电光子处理器，癫痫检测快准省,01-20,学术咖啡,667ba68a0000000007006722,2,0,1,3,normal,https://www.xiaohongshu.com/explore/696f1ae7000000001a026f00?xsec_token=ABQQKYFz3UtZyCENhPZk0iYt5FTr9Z8nPQ4Ev7D3bLixM=
戴琼海,68ff05a300000000050008da,谁说这个琼海老了❓,2025-10-27,momo酱,604e00ec00000000010004ce,350,14,21,8,video,https://www.xiaohongshu.com/explore/68ff05a300000000050008da?xsec_token=AB0oQ4SrCICmLO1Tulnck266cI1kEdMIqOiVB4s287JqQ=
桂卫华,691323820000000005013c55,,2025-11-11,桂商访谈录,69132154000000003700389e,2,2,1,1,video,https://www.xiaohongshu.com/explore/691323820000000005013c55?xsec_token=ABGA5eljtVIcW-j0bQ9b-dBIbUiiLuhfTvdPbLx4wb7ow=
桂卫华,691fdc5c000000001f00728b,,2025-11-21,桂商访谈录,69132154000000003700389e,4,1,0,0,video,https://www.xiaohongshu.com/explore/691fdc5c000000001f00728b?xsec_token=ABR2Yl2LQSbLTMmj46stxaBFfzEk-9ST6mUrlRtTGw2vQ=
桂卫华,683ddc79000000002300f3cf,,2025-06-10,momo,648c3709000000000f007399,43,8,5,5,normal,https://www.xiaohongshu.com/explore/683ddc79000000002300f3cf?xsec_token=ABsOS5JkOaoMGtWmCS5PuAhO8MI8ihe2KtONyDxYpjuPE=
桂卫华,67cab00f0000000029034170,,2025-03-07,段玉聪-人工意识,61b34838000000000201ece3,66,10,75,20,normal,https://www.xiaohongshu.com/explore/67cab00f0000000029034170?xsec_token=ABQyjcown2gkjHJQ1mFFhTTyQDxu2T4KTbDbN3rQKmu6c=
桂卫华,66ef8a490000000012012b89,10多位院士出席，同济大学，成立新学院！,2024-09-22,硕博圈,5e8344f40000000001009964,6,1,1,1,normal,https://www.xiaohongshu.com/explore/66ef8a490000000012012b89?xsec_token=ABUSmdPai9gq9U9yp3DXZofZL0p-T73m2Rk0f_gVnsUR0=
桂卫华,67515cdb0000000008004006,中南大学何梁何利奖名单！15位教授,2024-12-05,湖南麓研咨询,5923021150c4b4387f293a8a,32,11,6,17,normal,https://www.xiaohongshu.com/explore/67515cdb0000000008004006?xsec_token=ABSdK469uqLc6sInwgRA6PVpZButoZ5dQCAz8Od3RhPLo=
桂卫华,681759a3000000002301e0a2,中南大学官网发布的16位院士名单,2025-05-04,四处臻选,611e829e0000000001009531,13,10,1,0,normal,https://www.xiaohongshu.com/explore/681759a3000000002301e0a2?xsec_token=ABA5OKZNRHvcIRp0rOY09Am2S5wg5iyYAdHM_Buae1f0c=
桂卫华,681c6b93000000002100b692,中国图象图形大会（CCIG 2025）,2025-05-08,会展湘军,62932ffb000000002102018b,3,0,1,0,video,https://www.xiaohongshu.com/explore/681c6b93000000002100b692?xsec_token=ABwNqLjL5dhaf5ad1OjHZ5MwFjiweybgVZPmz4NntAlcI=
桂卫华,683d7d0a000000002300d6e0,不愧是前十985，各种硬实力都是杠杠的,2025-06-02,小红薯6048804E,6047a43f000000000101df47,37,26,6,4,normal,https://www.xiaohongshu.com/explore/683d7d0a000000002300d6e0?xsec_token=ABsOS5JkOaoMGtWmCS5PuAhJ3-5SJTzevtkkOE4o11i4k=
桂卫华,691d73720000000019024adc,中南大学国家卓越工程师学院26年博士生导师,2025-11-20,华慧小杨老师考博英语咨询,637449ae000000001f017f5b,9,0,9,12,normal,https://www.xiaohongshu.com/explore/691d73720000000019024adc?xsec_token=ABEg01JMaFzLaRMsIW76t4_pv-XahdAu80GD2V4fyIixM=
桂卫华,671b982300000000240144cb,2024年度省部级有色金属工业科技奖评奖结束,2024-10-25,鲲鹏展翅,64abf6b1000000001403ec2c,1,0,0,1,normal,https://www.xiaohongshu.com/explore/671b982300000000240144cb?xsec_token=ABbo8_gS-NRP7bQ6RoBzFWFwEOS7xpALLmrWBIJ26wkm8=
桂卫华,69304c7b000000001e02b49a,恭喜洛阳 ︳全国重点实验室+1,2025-12-03,山花烂漫时,6739881b000000001d02f057,26,5,4,5,normal,https://www.xiaohongshu.com/explore/69304c7b000000001e02b49a?xsec_token=ABp2UooMZlhHrLT4_da2Pv43C5FTFMrHBQc4vIrrVq-lc=
桂卫华,6923ad57000000001f00d5cc,985高校全职非资深院士统计（川山吉中南）,2025-11-24,饮水思源2025,6784edb3000000000803f3e2,41,42,12,10,normal,https://www.xiaohongshu.com/explore/6923ad57000000001f00d5cc?xsec_token=ABZNB4wHuPzvtzUbVUWovoNivnYP8sz_lKjqKoKKvJdqQ=
桂卫华,6813163a0000000009016212,中南大学历年院士增选名单，工程院院士居多,2025-09-10,我是老铁&&,60c8b5560000000001002528,10,5,2,1,normal,https://www.xiaohongshu.com/explore/6813163a0000000009016212?xsec_token=ABduPWEIIXdKheCbM6sKVin2ZJu0KTAufdYNBiun_L1qE=
桂卫华,6724474d000000001d038d6b,人工智能领域重要参考资源|人工智能白皮书,2024-11-01,分享局,659f856b000000002200081e,32,3,31,13,normal,https://www.xiaohongshu.com/explore/6724474d000000001d038d6b?xsec_token=ABU6JFs2q69W8SQIxnuofw-4T0CEITgL1S_ANT7Ju4yfc=
桂卫华,68da33700000000014009e14,科学咖啡馆”活动解码AI+工业的浙江实践,2025-09-29,花姐华旦天使每日互动,545607edd6e4a9075e7ddd75,1,0,0,0,normal,https://www.xiaohongshu.com/explore/68da33700000000014009e14?xsec_token=ABhWi6GqMjMvbHf35H58n_bGv625zpFrmUYT87qM2LRp4=
桂卫华,66c34f9d000000001f0149f4,第六届复杂系统数据驱动优化国际会议落幕,2024-08-19,Accepted何老师,59325da47fc5b803779c7942,7,5,2,5,normal,https://www.xiaohongshu.com/explore/66c34f9d000000001f0149f4?xsec_token=ABSX5tIxkifRSkhbV442jXx6G4hkVl4HgD7br-XSOFSAc=
桂卫华,66b6cc14000000001e01b686,你更喜欢谁饰演的夏金桂？,2024-08-10,清玲蕾丝,6211a16b000000001000e5a9,6,1,2,0,normal,https://www.xiaohongshu.com/explore/66b6cc14000000001e01b686?xsec_token=ABfIxTUtLuEmf0LCZ6znEs4Dk89rxLIZbqEdSVcn3kvCw=
桂卫华,6973090f0000000022023d2f,,01-23,周桂华,6932de4a000000003700052f,0,0,0,0,video,https://www.xiaohongshu.com/explore/6973090f0000000022023d2f?xsec_token=ABUF4BIgHo8xnlasjn0nau8MmEUkcrV7lPhj3h8Hi4xzo=
桂卫华,6638e687000000001e033731,工作经验,2024-05-06,吱吱,650474cb0000000012004213,15,41,3,7,normal,https://www.xiaohongshu.com/explore/6638e687000000001e033731?xsec_token=ABVrin2VJv61TqVLSofZSSBPcRlDaOj6YIKmHUOglBvuc=
郭雷,693815ed000000001e005804,郑州文化传播公司转让8年郑州老公司传媒,2025-12-09,郭雷,60dc6ef90000000020028cea,1,0,0,0,normal,https://www.xiaohongshu.com/explore/693815ed000000001e005804?xsec_token=ABRz3uM-DEHBLpDaZmnJftkAFtUhqV-VzVwiEIqWte3P8=
郭雷,681391bf000000002301fdaa,郭雷与刘文波老师,2025-05-01,郭雷,678abf79000000000e01cd48,7,1,0,0,video,https://www.xiaohongshu.com/explore/681391bf000000002301fdaa?xsec_token=ABduPWEIIXdKheCbM6sKVin12HX6NlqZyR_1BBV23aWt4=
郭雷,6936b233000000001f00733c,《中华手工》第二百四十九期封面收录,2025-12-08,如漆ART,622a45c00000000021026608,4,1,0,1,normal,https://www.xiaohongshu.com/explore/6936b233000000001f00733c?xsec_token=ABGDvU-3-4_lUiEedUPKsdRrHyNjbCDMF2PA39Dis3Yeo=
郭雷,67dd4885000000001d016d39,院士郭雷简介 | 郭雷演讲 | 邀请郭雷✨,2025-03-21,五洲名家智库,665926ac000000001e00e205,3,0,0,2,normal,https://www.xiaohongshu.com/explore/67dd4885000000001d016d39?xsec_token=ABUkplVw4Ryhrsd0KFDtOZrXp6oWU_dfI7cuZG3btZKuI=
郭雷,69266f5a000000001e03a1bc,告诉你房地产人为什么都住西边套，是真香,2025-11-26,郭雷💎云启玉渚🏠排屋叠墅,6879fc9d000000000d02de2b,6,3,6,6,normal,https://www.xiaohongshu.com/explore/69266f5a000000001e03a1bc?xsec_token=ABC0fx3QHA3Xe5FmQAN9I-WjNrmCM56TFWpmAbnoC5ol8=
郭雷,6978614e000000002102a2c4,,3天前,星河华为郭雷,696f62c70000000039014647,0,0,0,0,normal,https://www.xiaohongshu.com/explore/6978614e000000002102a2c4?xsec_token=ABbJbFQmQii0nJ28y9dZsIJUyi7Id1tPPY2shGJeR26xM=
郭雷,686cb8fe000000002203de13,出差安徽省博物院看苏宫大漆圈椅,2025-07-08,苏宫-明式家具,618e55f7000000001000b358,32,8,14,13,video,https://www.xiaohongshu.com/explore/686cb8fe000000002203de13?xsec_token=ABdjn3e4DemxVfa0F9IpWg0UWUTnxT9BuBgO7OSK8EvLM=
郭雷,68b339f9000000001d00ce3f,清仓包邮#科大讯飞扫地机器人X3全新1500,2025-09-23,郭雷,60dc6ef90000000020028cea,0,0,0,0,normal,https://www.xiaohongshu.com/explore/68b339f9000000001d00ce3f?xsec_token=ABGHXiRN9jIV6ZAspSMuybB_fcDClP8IaPRpmck7zCLII=
郭雷,670ff8d8000000002100b5d4,CCF计算法学分会年会回顾 | 投稿参会经验,2025-10-03,ThomasThornhill,632faef1000000002303b7c6,39,8,28,9,normal,https://www.xiaohongshu.com/explore/670ff8d8000000002100b5d4?xsec_token=AB1kKpfqSkaTdtpQchZfQS6_ngzamRLLtiogQecWvka2A=
郭雷,6979bedb000000001a030f91,🔥地下室7.75米南北通透的排屋，你见过吗,2天前,郭雷💎云启玉渚🏠排屋叠墅,6879fc9d000000000d02de2b,1,0,2,1,video,https://www.xiaohongshu.com/explore/6979bedb000000001a030f91?xsec_token=ABKUKFUblbhiWqpBJlMBgonkfWuu1FIldEuBPdf-PzyVw=
郭雷,68ef61510000000003039d03,系统科学概论讲座,2025-10-15,陈安澜,5d589d5d0000000001008347,13,0,2,2,normal,https://www.xiaohongshu.com/explore/68ef61510000000003039d03?xsec_token=ABo_m_oNsoZJ08P114_o-7aE5EvcfKXm1nmPilwowqiF0=
郭雷,68174c0e0000000023016bea,郭雷与小木匠,2025-05-04,郭雷,678abf79000000000e01cd48,2,0,1,2,video,https://www.xiaohongshu.com/explore/68174c0e0000000023016bea?xsec_token=ABA5OKZNRHvcIRp0rOY09Am9NDqnF3ICiTtTn9APUOaYg=
郭雷,685a0eda0000000010025404,山东淄博手机靓号 淄博手机号码 淄博靓号,2025-08-17,郭雷,60dc6ef90000000020028cea,2,1,0,0,normal,https://www.xiaohongshu.com/explore/685a0eda0000000010025404?xsec_token=ABsOsbh9hpba2AZYcSZ4KDuU4lL1WrhL9FiWf36cdNQ7g=
郭雷,68650466000000002203d3cf,,2025-07-02,小红薯69125389,669a316a000000002401f651,1,0,0,0,video,https://www.xiaohongshu.com/explore/68650466000000002203d3cf?xsec_token=ABmTT-C4N3MYzVECE8yXqJ70gDbkZlQouwx67B83Cvd1A=
郭雷,68466e19000000000c03b262,动ci哒ci ❗️,2025-06-09,嘉禾舞社 长楹店,60df43540000000001000978,3,0,2,0,video,https://www.xiaohongshu.com/explore/68466e19000000000c03b262?xsec_token=ABn41U0XvgdXLyOjkywLxyns_z3Xf2xeiqn6SbyZEVGwo=
郭雷,681ee65e000000002202c5c9,郭雷与李广裕老师合集,2025-05-10,郭雷,678abf79000000000e01cd48,5,0,0,7,video,https://www.xiaohongshu.com/explore/681ee65e000000002202c5c9?xsec_token=ABlnhTFySe6EwDAN7GRSxNNDtA4uHAOfg3LobEY_eIk2k=
郭雷,67a0934e000000002803fa00,山东当代名人教授科学家名单公示,2025-02-03,求前国际,6767dcb3000000001801c284,13,5,3,2,normal,https://www.xiaohongshu.com/explore/67a0934e000000002803fa00?xsec_token=ABgGKqU39I7GI46p17FkeZPNptKFCM7MaDPgdHlbiVX2I=
郭雷,681b423800000000230031c1,郭雷与李广裕老师#4,2025-05-07,郭雷,678abf79000000000e01cd48,2,0,0,2,video,https://www.xiaohongshu.com/explore/681b423800000000230031c1?xsec_token=AByGZLCwadU4NaAF5n5asGFu7tsfMJ5Zs3wZPH8xq3PUM=
郭雷,6814e5520000000022029393,郭雷与张克强老师#1,2025-05-02,郭雷,678abf79000000000e01cd48,4,0,4,7,video,https://www.xiaohongshu.com/explore/6814e5520000000022029393?xsec_token=ABWXwzcRqPq3dDfyOwZGfZmU-3QuDp7mOJtaLtlPYkPDk=
郭雷,6814e65f0000000023003d92,郭雷与张克强老师#2,2025-05-02,郭雷,678abf79000000000e01cd48,3,0,3,2,video,https://www.xiaohongshu.com/explore/6814e65f0000000023003d92?xsec_token=ABWXwzcRqPq3dDfyOwZGfZmaL07yEozFjs9ZUO4CYNPNs=
何友,694e9c44000000001e03bf5e,雷达与信息对抗领域的“国之重器”何友院士,2025-12-26,五洲名人演讲局,664ac3fb000000001b018004,2,0,6,14,normal,https://www.xiaohongshu.com/explore/694e9c44000000001e03bf5e?xsec_token=ABnWzt_W1ev-rRjgZZX9gXC3gp-RjFWw7IlMJgDbvm-70=
何友,68b9939c000000001d010aac,何友院士为低空经济行业产品背书赋能,2025-09-04,五洲丨名人演讲局代言背书,646229c9000000002a0093b7,0,0,0,0,normal,https://www.xiaohongshu.com/explore/68b9939c000000001d010aac?xsec_token=AB-XcqOTk2a_RLrvxY83dDOLj65APOBnHXg4v0R8SN_3E=
何友,68c63873000000001d018f5e,,2025-09-14,五洲名家智库,665926ac000000001e00e205,0,0,0,0,normal,https://www.xiaohongshu.com/explore/68c63873000000001d018f5e?xsec_token=ABHVjdKmNJWWmoieVNWyxGjpAtlihDlLWt4zfefcLKYs8=
何友,697c9698000000001a01f3e5,老板 - 我曾像傻子一样爱你（DJ何友版）,2小时前,DJ何友,6072b5dd0000000001005024,1,0,0,0,video,https://www.xiaohongshu.com/explore/697c9698000000001a01f3e5?xsec_token=ABMahuF0O3CCvWrYc-FVjeZX3ucX_UdkuXo-ySpg4Sfek=
何友,695d788a000000001a0253af,,01-07,何友,6401c04b0000000029014bc8,366,15,58,2,normal,https://www.xiaohongshu.com/explore/695d788a000000001a0253af?xsec_token=ABvJVhjPXPFyNioRd_EGBK9V9Km9BhL1ymkkwM613YoMA=
何友,6854ff6a000000000d026e59,,2025-06-20,五洲名家智库,665926ac000000001e00e205,1,0,3,4,normal,https://www.xiaohongshu.com/explore/6854ff6a000000000d026e59?xsec_token=ABKuELVbN5cMn8eP0UDemPrH_ouyjFE4FDnoxKBbfF7Hc=
何友,67f75f1d000000001d0259c8,论坛峰会邀请院士何友出席 | 院士邀约,2025-04-10,五洲名家智库,665926ac000000001e00e205,2,0,0,3,normal,https://www.xiaohongshu.com/explore/67f75f1d000000001d0259c8?xsec_token=ABVDSGm2hnWip1-orKZ6DHXF1-H4TY6uzAEx-8yrBYIJU=
何友,6722f526000000001d03950d,中国人工智能学会发布—人工智能白皮书,2024-10-31,AI分享官,6541ea4d0000000006007e96,130,81,110,38,normal,https://www.xiaohongshu.com/explore/6722f526000000001d03950d?xsec_token=AB9lMW6r1A15U7yEtMfcCNII88NCLO3qi4Sn5D7XrUQoQ=
何友,69637d0e000000000e03d61b,稿展,01-11,何友,6401c04b0000000029014bc8,31,2,2,0,normal,https://www.xiaohongshu.com/explore/69637d0e000000000e03d61b?xsec_token=ABMyR04VhpECAqf_qdy5HuZtTOZKRRhlz1QpcT42CxrXc=
何友,688c89a600000000020010d6,,2025-08-01,五洲名家智库,665926ac000000001e00e205,0,0,0,0,normal,https://www.xiaohongshu.com/explore/688c89a600000000020010d6?xsec_token=ABPNqll-MlxXOJXIQ3x1r9JLPxT6vcw50dv3yWcmbSKqI=
何友,69788e00000000000a02c6cb,腾格里组队,3天前,何友阿,5b318e9111be102aa2d14e7e,3,11,0,0,normal,https://www.xiaohongshu.com/explore/69788e00000000000a02c6cb?xsec_token=ABbJbFQmQii0nJ28y9dZsIJaiCForA15F1zt8XJboDd28=
何友,697b7373000000002200a062,寻找陈克亮,昨天 22:49,弱势群体,646b7de000000000120370c3,173,22,1,0,video,https://www.xiaohongshu.com/explore/697b7373000000002200a062?xsec_token=ABlo95aYnllN1PYubbFPqHdS7YHtHOjMyIdRG027OccqI=
何友,68ff1b4000000000030103a7,,2025-10-27,五洲名家智库,665926ac000000001e00e205,1,0,1,0,normal,https://www.xiaohongshu.com/explore/68ff1b4000000000030103a7?xsec_token=AB0oQ4SrCICmLO1Tulnck263k3gFOTOlff-k7qcEQtFkI=
何友,6863debf000000000d01af46,元宇宙（游戏）邀请专家院士代言背书,2025-07-01,五洲丨名人演讲局代言背书,646229c9000000002a0093b7,0,0,0,0,normal,https://www.xiaohongshu.com/explore/6863debf000000000d01af46?xsec_token=ABPTTHZTKHnFpu77rQsLq1Re7mN_fk4w8c_zYFe_wsDRA=
何友,6881a69d0000000017035c8c,工程院院士何友出席校园交流活动提升影响力,2025-07-24,华夏丨活动策划,67d93c13000000000e01d53b,0,0,0,0,normal,https://www.xiaohongshu.com/explore/6881a69d0000000017035c8c?xsec_token=ABOPIZ-LHCJ_xTVbOtEldk9Vi68Z2w19s7QqZVyNtEeaA=
何友,695d3c2c000000000e00c781,,01-07,羊美术馆,5ea6422f0000000001004aaf,4,2,0,0,normal,https://www.xiaohongshu.com/explore/695d3c2c000000000e00c781?xsec_token=ABvJVhjPXPFyNioRd_EGBK9SFtUSVRjr3ePxc_2mN6V-w=
何友,678e1b9d0000000029011547,元宇宙论坛峰会邀约专家院士出席演讲方案,2025-01-20,五洲名人演讲局,664ac3fb000000001b018004,5,0,3,1,normal,https://www.xiaohongshu.com/explore/678e1b9d0000000029011547?xsec_token=ABcYwlr2QdFtsK9j3-3CIyqY7tVsOWnoI9KI-KbX5szZQ=
何友,6724ad71000000001b02d532,中国人工智能学会发布：人工智能白皮书！！,2024-11-01,Ai猿辅导,661545fe000000000b033b6c,28,0,18,7,normal,https://www.xiaohongshu.com/explore/6724ad71000000001b02d532?xsec_token=ABU6JFs2q69W8SQIxnuofw-5rbaYyoTawDzRdyvfejMho=
何友,69661f1e000000000a030acd,听库苏古尔湖冰裂的声音,01-13,何友阿,5b318e9111be102aa2d14e7e,7,2,1,0,normal,https://www.xiaohongshu.com/explore/69661f1e000000000a030acd?xsec_token=ABGA1G8F7V_8dysqWZXhf3Xq4DDxf_n0ejCg6l0WoJ9X4=
何友,6975b2aa000000000e03f40e,出现了！,5天前,宿临_,669e1804000000002401de13,215,13,2,15,normal,https://www.xiaohongshu.com/explore/6975b2aa000000000e03f40e?xsec_token=ABoIzWJljPRxYrc0ZHxAcQVC50fHwbYv2AIZG_xxKFvYw=
蒋昌俊,68ef19630000000004014ed0,山东科技大学蒋昌俊为啥去了同济大学？,2025-10-15,四处臻选,611e829e0000000001009531,24,18,0,6,normal,https://www.xiaohongshu.com/explore/68ef19630000000004014ed0?xsec_token=ABo_m_oNsoZJ08P114_o-7aOTEM239qAEBO1J-DEftjXY=
蒋昌俊,695544ee000000001e0312e3,工业互联网峰会 |中国工程院院士蒋昌俊,2025-12-31,五洲名人演讲局,664ac3fb000000001b018004,0,0,0,0,normal,https://www.xiaohongshu.com/explore/695544ee000000001e0312e3?xsec_token=ABDjzXzwEO7xX__ZkeFYxMXQwofqbXYp2P1b5sQaSvZD0=
蒋昌俊,67456ae6000000000800498d,🎉关于智能三脑的一些思考🤔,2024-11-26,菲比爱生活,5571bf7362a60c45513f9c19,2,0,3,0,normal,https://www.xiaohongshu.com/explore/67456ae6000000000800498d?xsec_token=ABtbvbQ-FKpUfqZi5oebiRsNUvW_N78czzH81uNFesm30=
蒋昌俊,6709d57c000000002c016528,蒋昌俊院士在2024SMP大会做特邀报告，讲人脑,2024-10-12,山脚下海边上,64ca1b32000000000b00450e,2,0,1,1,normal,https://www.xiaohongshu.com/explore/6709d57c000000002c016528?xsec_token=ABQMdCwVFwIZ-Ut3LwzcfE44SlyeDWES4a6mzz9yMJBLE=
蒋昌俊,69675368000000001a02be49,中国工程院院士蒋昌俊 数字经济网络峰会,01-14,五洲名人演讲局-名人代言背书,6843cf35000000001e03d02e,1,0,0,0,normal,https://www.xiaohongshu.com/explore/69675368000000001a02be49?xsec_token=ABXI5IceuTJA2aahv0AnXE7HUYMa0LOfccpFEmohD-3SU=
蒋昌俊,675dfc8c0000000002015abf,,2024-12-15,蒋昌俊,674f9ee5000000001c01bc2d,0,1,0,0,normal,https://www.xiaohongshu.com/explore/675dfc8c0000000002015abf?xsec_token=ABCGDKoNK55q5j7SLDJTyyiwz8Ky6HNPCbTNtisVqzEJY=
蒋昌俊,68770efb000000000d01872a,,2025-07-16,李成昌(昌哥),5d31e40d00000000120245eb,2063,290,60,31,video,https://www.xiaohongshu.com/explore/68770efb000000000d01872a?xsec_token=ABSwtf9KGS4DzIasPWs0F_R1ft8OAs54i60YUjESlh4mI=
蒋昌俊,671b4017000000001b01294c,同济大学：被低估的 985 高校,2024-10-25,松沅聊升学,65852597000000001d003827,170,154,39,43,normal,https://www.xiaohongshu.com/explore/671b4017000000001b01294c?xsec_token=ABbo8_gS-NRP7bQ6RoBzFWF6glcJQ1qLXwwQO4ONrH83s=
蒋昌俊,6685faff000000001f0079a5,重磅！6位院士，受聘哈尔滨工程大学！,2024-07-04,硕博圈,5e8344f40000000001009964,4,0,1,0,normal,https://www.xiaohongshu.com/explore/6685faff000000001f0079a5?xsec_token=ABpNIxLAXjl75tSFykkO7YTdiJ3-cWlLewcnNrUb9g8gg=
蒋昌俊,6195b9cc0000000021036cde,祝贺！6位同济人当选院士！,2021-11-18,上官紫萱,5c83a1b40000000011004891,22,3,6,5,video,https://www.xiaohongshu.com/explore/6195b9cc0000000021036cde?xsec_token=ABm1AhR_3pfA3KJ_GrlXoFxC8j9Xj0ciSn4zVL_I0E52E=
蒋昌俊,67fa61960000000007036ace,巴山蜀水、且行且绘02安岳道林寺大殿（下）,2025-04-14,欄干拍徧,5b98b5416b58b739d89ea15c,54,10,22,9,normal,https://www.xiaohongshu.com/explore/67fa61960000000007036ace?xsec_token=AB2nq8l_zGWsFxlhZVPLvLaDoerebCOaE3k67QkcMc-Ik=
蒋昌俊,68f9981f00000000030361be,彪悍的诺贝尔奖得主,2025-10-23,经行记,59e56b3211be1044d551ffb3,365,55,260,179,normal,https://www.xiaohongshu.com/explore/68f9981f00000000030361be?xsec_token=ABPj8hOymXAnU8SWo9FPc-79Wrh4aoS0WHtGJJKKPUWcM=
蒋昌俊,695a878e00000000220081d3,猫猫狗狗,01-04,贰壹,669afc52000000002401ed59,71,6,6,1,normal,https://www.xiaohongshu.com/explore/695a878e00000000220081d3?xsec_token=ABHJ_xaQ9gqhcxNa03g32A7NGc2RVaa7jf91ZUQKiV0Vk=
蒋昌俊,693a32a5000000001e01159e,没等来院士！长理时隔1年终于迎来新校长,2025-12-12,老王侃高考,56616d405e87e70242f06fb9,29,40,3,23,normal,https://www.xiaohongshu.com/explore/693a32a5000000001e01159e?xsec_token=ABeourcaCbFf0lmmuUJB5qhrpBlOPn44GW-ZUlU7xSu8Y=
蒋昌俊,697b3eaf000000000a02ebde,王韵演唱的《在我心里没有谁能代替你》,1天前,王叔好歌分享,672c68f7000000001d02e276,1,0,0,0,video,https://www.xiaohongshu.com/explore/697b3eaf000000000a02ebde?xsec_token=ABlo95aYnllN1PYubbFPqHddrd5PMegAyMCKqc235CFhQ=
蒋昌俊,6954f529000000001e03bb96,2025 最后一天的分享,2025-12-31,蒋友柏,67fd15ab000000000d00a858,1246,103,264,116,video,https://www.xiaohongshu.com/explore/6954f529000000001e03bb96?xsec_token=ABAkNJIL6sUuHK5gfLzxdegIx4TGwCOvudy1E105_Le3M=
蒋昌俊,6941499f000000000d03ed7c,,2025-12-16,少年的乌托邦,688f23270000000028002201,7,0,0,0,video,https://www.xiaohongshu.com/explore/6941499f000000000d03ed7c?xsec_token=AB-h74eEevbxi28lP7DpStJtZIn5P49JAaeNJzRSTkwwc=
蒋昌俊,692d1d63000000001f00bd57,校长内循环？蒋昌波教授任长沙理工大学校长,2025-12-01,小八,68221b7b000000000d00b7a8,71,44,10,156,normal,https://www.xiaohongshu.com/explore/692d1d63000000001f00bd57?xsec_token=ABFNI-WIr87ndrHXJda-BreT8UGxe1Im45ovpZ9HihD9k=
蒋昌俊,68d53bb7000000001303534c,今天我不是大爷,2025-09-28,昌炯,628488cd000000002102b71a,468,51,0,10,normal,https://www.xiaohongshu.com/explore/68d53bb7000000001303534c?xsec_token=ABzKVw_JksSCg1ztcLOPCdhT8WRLT8UK8OjRjcw8nIL4E=
蒋昌俊,696ce60f000000000a03daeb,画一张俊森同人,01-18,瞌睡了有人给送枕头,5e0bfe58000000000100af5f,13,0,0,0,normal,https://www.xiaohongshu.com/explore/696ce60f000000000a03daeb?xsec_token=ABd5Gpci6FFsunSy9c4Z09qQXev3NqF2aIRbV3ersvWbY=
李少远,68aa7b82000000001d01e0ff,“增强”MPC！,2025-08-24,学术研修站,5f3db3e60000000001008209,57,1,78,21,normal,https://www.xiaohongshu.com/explore/68aa7b82000000001d01e0ff?xsec_token=ABOE67vBX2bbazcp9N2tV2P466zGeuOS3lAl82FPtjA34=
李少远,66868972000000001c024f9c,大模型的未来—数据、算力、算法论,2024-07-04,高性能计算,60cf279d000000000101f9ab,1,0,1,0,normal,https://www.xiaohongshu.com/explore/66868972000000001c024f9c?xsec_token=ABt6Q2gLnMAnCTxOvJTLcyzanelThNybsIQXEmqqxkulY=
李少远,65f41b530000000012030a2e,你俩好默契真养眼,2024-03-15,陳霖曜,5dd4afc40000000001003556,52,0,10,0,video,https://www.xiaohongshu.com/explore/65f41b530000000012030a2e?xsec_token=ABfrortku5mXMDUYTItQdgGkZwZzW6u2SeQSPgjrmfutw=
李少远,692451ac000000001f00ff0a,注意看👀这个男生叫李少(OZ联动版,2025-11-24,柒安Qiann,5cc060970000000017030e7d,35,0,7,4,video,https://www.xiaohongshu.com/explore/692451ac000000001f00ff0a?xsec_token=ABLHaA5DBrb9CBG_8q74VoZjjg3H6dlNYjpXfDqEdW8Js=
李少远,69649fc30000000021033987,小元变小远,01-12,不要再踏实睡觉了,62b87381000000001902b6e2,15,8,0,0,video,https://www.xiaohongshu.com/explore/69649fc30000000021033987?xsec_token=ABbq_O9V2Xf78IpUnmRGMuk_4bzlyWv9Dask0f3zjVC7U=
李少远,69594388000000001e026008,首届光幕计划回顾｜终评审现场直击（上）,01-04,BE SEEN中国青年演员光幕计划,6822218e000000000a03e563,0,0,0,0,video,https://www.xiaohongshu.com/explore/69594388000000001e026008?xsec_token=AB55X770SLIQdKQ_3F7LuScdZ5gaMn5zjfao1QyXP-mjg=
李少远,68a1a630000000001d006cc6,天科组三眼！,2025-08-17,梦幻阿喵,686477c5000000001d0144e2,2,1,1,1,video,https://www.xiaohongshu.com/explore/68a1a630000000001d006cc6?xsec_token=ABggCgaS6fGXLT1dtGHhLnsC-QL_MgGQNEiu3e3eXd5gI=
李少远,680f2fb9000000002001f8c3,怎么计算关节活动度丧失百分比？,2025-04-28,不看菜谱看兵法的厨子,630c49010000000019022f5c,118,21,95,23,normal,https://www.xiaohongshu.com/explore/680f2fb9000000002001f8c3?xsec_token=ABXXA4Nru2_pyZ2izmAzY6emYZhVHN7p6zyYqewXXwC1A=
李少远,66e2abda000000000c01923c,开学第一周，我对北电祛魅了,2025-11-10,onew北电考研-菠萝师姐,55880aa33397db5d36e1cdaa,85,4,24,3,normal,https://www.xiaohongshu.com/explore/66e2abda000000000c01923c?xsec_token=ABPg3cdaKiLqkfRepOQ17RP3LsrreoeYtomrbXK8CYAoc=
李少远,680c57db000000001b038fb5,重生之我在sd教音乐剧演员唱歌…,2025-04-26,柒安Qiann,5cc060970000000017030e7d,44,0,0,1,video,https://www.xiaohongshu.com/explore/680c57db000000001b038fb5?xsec_token=ABIjDYvgfIN4MUwmYLp8hY5uplP7w1XsW9TVqf9wJjTts=
李少远,69644c24000000001a02a459,,01-12,咩呀,68e14b3d0000000037032fca,276,2,148,10,normal,https://www.xiaohongshu.com/explore/69644c24000000001a02a459?xsec_token=ABbq_O9V2Xf78IpUnmRGMuk7wGCTn-Ku1C9Kax6ZAxy0M=
李少远,675d7d36000000000700cc97,阿慧警告孟老板不成，只好让聪和娴马上订婚,2024-12-14,红火影视解说,6441fc6c00000000100271fd,3,0,0,0,video,https://www.xiaohongshu.com/explore/675d7d36000000000700cc97?xsec_token=ABCGDKoNK55q5j7SLDJTyyi4aDlnqFxsdQWS_M8f5vo6g=
李少远,67ca24920000000006028b3c,转DS模型和AI在医药医疗研究领域的应用🚅,2025-03-07,五十米深蓝-Blue,613306f2000000000201df78,6,0,2,1,normal,https://www.xiaohongshu.com/explore/67ca24920000000006028b3c?xsec_token=ABQyjcown2gkjHJQ1mFFhTTw9nad_zid37p4Q5voNOtBQ=
李少远,6828163c000000000f03270b,你知道上山的十名天才中有几人拥有超品神尊,2025-05-17,鲸知过往（漫剪）,6400487e000000001001fe60,160,2,56,1,video,https://www.xiaohongshu.com/explore/6828163c000000000f03270b?xsec_token=ABKU8BTOwId7DJviLV0QMnykjDCFt2_YXtNyH0t8gOlz4=
李少远,686f2aba000000000b02decf,,2025-07-10,洛阳真气运行学,66626f120000000003030346,2,0,1,1,video,https://www.xiaohongshu.com/explore/686f2aba000000000b02decf?xsec_token=ABLhFZnZDQq3MeNVtVVclvncJT95qIRe3WGIsUMDo2hN4=
李少远,6964f01f000000000a02e6ad,2025乘用车销售数据出炉，油车还有机会吗？,01-12,机圈李少,5d3a503700000000110205a1,0,0,0,0,video,https://www.xiaohongshu.com/explore/6964f01f000000000a02e6ad?xsec_token=ABbq_O9V2Xf78IpUnmRGMuk5KOtCnK2e1JMhYqoyqp0JI=
李少远,67b71235000000000d0151ee,北外国关 双非终圆梦,2025-02-22,上外北外国关考研,658658b0000000003d0361e2,16,4,16,0,normal,https://www.xiaohongshu.com/explore/67b71235000000000d0151ee?xsec_token=ABH1fIyv0U_1OTzvFln0V_9G1rodoZizDagG5uROwcLJQ=
李少远,68bed0b1000000001b035ca7,我在阴间称霸王 33 集总执法龙傲天竟,2025-09-08,骄阳似火 ing,682eaa5e000000000a03f651,62,0,16,2,video,https://www.xiaohongshu.com/explore/68bed0b1000000001b035ca7?xsec_token=ABEktANhRpkHZbc3raagF7XBjWhWSL9ZK7UTibklLTgLQ=
李少远,697bf766000000002200b9b2,,13小时前,绦预留心情,6774e7d300000000180162b5,72,0,16,0,video,https://www.xiaohongshu.com/explore/697bf766000000002200b9b2?xsec_token=ABlo95aYnllN1PYubbFPqHdVDW9DlVFsaaCARWJRqZAwM=
李少远,69291f48000000000d00d107,真气运行现场锻炼同学精彩，不练不知道,2025-11-28,真气运行养生法洛阳基地,5d9a022000000000010034ab,2,3,7,0,video,https://www.xiaohongshu.com/explore/69291f48000000000d00d107?xsec_token=AB8Oa02qg_K9dw_ZltZG_JstR8op54OKp-EDyKBt16Cqk=
钱锋,697c25f9000000000d0087a2,钱锋教授带你走近药物递送的科技未来,40分钟前,细胞工程｜CAR改造实验室,69380d0e0000000037030a57,2,0,0,0,normal,https://www.xiaohongshu.com/explore/697c25f9000000000d0087a2?xsec_token=ABMahuF0O3CCvWrYc-FVjeZYN2SPfFHDJ1UjNQIXsnH2I=
钱锋,697c8d69000000001a032755,天津河东探店｜炭缸烧烤体验,3小时前,钱锋炭缸烧烤（二号桥店）,61949d19000000001000ea13,1,0,0,0,normal,https://www.xiaohongshu.com/explore/697c8d69000000001a032755?xsec_token=ABMahuF0O3CCvWrYc-FVjeZZ4_DL0tvM3aOqQp-ITv_t4=
钱锋,68d753590000000013019954,,2025-09-27,钱锋,605f16df000000000101f16c,3,3,0,0,normal,https://www.xiaohongshu.com/explore/68d753590000000013019954?xsec_token=ABNvPtk5Hzvy0ATgBH-ymyBqkxMv0L4Si4JQlneEqQ_I8=
钱锋,68329fe90000000003039b87,长春踩坑烧烤名店钱锋缸烤‼️,2025-05-25,无邪不天真,606a90b000000000010077f3,56,5,1,7,normal,https://www.xiaohongshu.com/explore/68329fe90000000003039b87?xsec_token=ABiuWkoK7Lp7ziMeuI00-ap7GYkacaogDYJOJy596pyFQ=
钱锋,69649e79000000001a034d71,清华大学药学院院长博士生导师--钱锋教授,01-12,纳米材料医学突破工作室,645345c60000000012035594,11,0,5,0,normal,https://www.xiaohongshu.com/explore/69649e79000000001a034d71?xsec_token=ABbq_O9V2Xf78IpUnmRGMuk1l7SD1MMQkDM0Nf8m1IvsE=
钱锋,68edabfe0000000004029788,🌟【长春烧烤天花板：炭缸暗火神功】🌟,2025-10-16,大王喊你吃饭啦,675026df000000001d02d94e,40,4,2,4,normal,https://www.xiaohongshu.com/explore/68edabfe0000000004029788?xsec_token=AB1tET5Aajh71yCZuiA-1jD_sFBQkvHUuz7A75JQ4USQc=
钱锋,685d67ec000000001203159e,,2025-06-26,钱锋,605f16df000000000101f16c,31,32,5,0,video,https://www.xiaohongshu.com/explore/685d67ec000000001203159e?xsec_token=ABRaCX_IA1yk-3ToWbgxfqzyMbuLBm4QdZcuh7YEMNjNA=
钱锋,67bf998e000000000603f9e8,,2025-02-27,钱锋,5f3f54d2000000000101c113,53,7,3,3,normal,https://www.xiaohongshu.com/explore/67bf998e000000000603f9e8?xsec_token=ABOgCxBjzDHjyWwHc8HROAtwAme070PE36oZXoKQZqyI4=
钱锋,69324db50000000019027f30,长春烧烤真的很好吃（超大声）！！！,2025-12-05,钱锋炭缸烧烤天富路店,6924079b000000003702ccae,24,0,3,3,normal,https://www.xiaohongshu.com/explore/69324db50000000019027f30?xsec_token=ABKPJ7dgCNXodWRFoTcz_Ni5evgRNzuQ33TBq9mC_j6uQ=
钱锋,68ea60530000000003011861,,2025-10-11,钱锋,605f16df000000000101f16c,35,11,2,2,video,https://www.xiaohongshu.com/explore/68ea60530000000003011861?xsec_token=ABHETK5neE9imP1bITe_bcDFJgDxkrF4EaB4v2mvdM1yI=
钱锋,65a63e2f0000000029037b94,主持人大赛银奖的他，还在央视，在幕后工作,2024-01-16,播音中国,6074f875000000000100a538,262,95,64,17,normal,https://www.xiaohongshu.com/explore/65a63e2f0000000029037b94?xsec_token=ABOAeC_9QiIgAo9c6Azv-hsStxuVpiePm5MjPFFK9ujwo=
钱锋,68b585b1000000001c0325ed,九月的第一只东方鸻，流苏鹬。,2025-09-01,钱锋,5f3f54d2000000000101c113,44,3,0,2,normal,https://www.xiaohongshu.com/explore/68b585b1000000001c0325ed?xsec_token=ABgZoLBoDGrL0SeW611t0BdDQwQRSN4CMILs0BKVENAOA=
钱锋,69324d8e000000000d038360,长春吃一次就上瘾的碳缸烧烤🔥值得N刷！,2025-12-05,钱锋炭缸烧烤天富路店,6924079b000000003702ccae,6,0,3,3,normal,https://www.xiaohongshu.com/explore/69324d8e000000000d038360?xsec_token=ABKPJ7dgCNXodWRFoTcz_Ni6A3Q4zqAo7B9i_rU9Tacag=
钱锋,68a2b439000000001d01da16,,2025-08-18,钱锋,605f16df000000000101f16c,33,6,2,2,video,https://www.xiaohongshu.com/explore/68a2b439000000001d01da16?xsec_token=AB9Lqc_Vsp1_G-Z27ghZY_6S_ZQVxUK8fUFt8Xvkr591A=
钱锋,68e399d30000000005033c2c,👎避雷长春这家店！！！钱锋烧烤-高新店,2025-10-07,大王喊你吃饭啦,675026df000000001d02d94e,5,3,0,2,normal,https://www.xiaohongshu.com/explore/68e399d30000000005033c2c?xsec_token=ABUEG1YWZJvgHzBMbk6L6nEMLLs7mzKHeaGgpzZbBynYQ=
钱锋,68afeeb7000000001b036ea2,迁徙的承诺，去年环志的，今年老地方。,2025-08-28,钱锋,5f3f54d2000000000101c113,26,3,2,1,normal,https://www.xiaohongshu.com/explore/68afeeb7000000001b036ea2?xsec_token=ABL-0wAYSAcSGQiMxm44b9T-C65lH4N7nB02uOPi9Gr10=
钱锋,680af273000000001c02e2d7,这位爸爸的内心戏值得所有家长学习！,2025-04-25,钱锋心理工作室,5f0073d3000000000101e379,0,0,0,0,video,https://www.xiaohongshu.com/explore/680af273000000001c02e2d7?xsec_token=ABKRVgTdvgq_blpP4HODgNuq8oK_1TzwjBs__wIC2Bom4=
钱锋,6868f392000000001203d788,,2025-07-05,钱锋,605f16df000000000101f16c,19,2,1,0,video,https://www.xiaohongshu.com/explore/6868f392000000001203d788?xsec_token=ABSYN9yoQ0TOGtPLRveq5MkBpkzIIYB0cDE_VWjpcLvbg=
钱锋,66741b26000000001d019247,长春闭着眼睛吃都没错的烧烤店,2024-06-20,鸽哇瓜🎃,6492ea38000000002a0355ec,779,31,400,616,normal,https://www.xiaohongshu.com/explore/66741b26000000001d019247?xsec_token=ABxFw9PbQBrianKlXFUcqE033bkpd70Yd9MYPgieII1Xg=
钱锋,6979d88c000000001a01f3cf,上海 钱锋,2天前,上海塑美联盟,68a82e2a00000000190292d1,0,0,0,0,normal,https://www.xiaohongshu.com/explore/6979d88c000000001a01f3cf?xsec_token=ABKUKFUblbhiWqpBJlMBgonm86jJt3GBv6s1LvWKhG8UU=
