keyword,title,author,url,publish_time,excerpt,scraped_at
王飞跃,如何评价王飞跃教授的学术论文质量？,未知,https://www.zhihu.com/question/662485356/answer/3574626644,2024-07-26,查无此人：最近网上一小波人不知出于什么目的疯狂抹黑王飞跃，我只陈述我看到的东西，大家自己评估。当然，这只是我个人的观点阅读全文​,2026-01-02 16:15:21
王飞跃,IEEE顶刊停摆7个月未解！中科院1区身份悬了？或遭除名/预警双重暴击！,未知,https://zhuanlan.zhihu.com/p/23375679117,2025-02-13,Unionpub学术：Transportation Systems（IEEE TITS）主编的王飞跃教授于10年前倡议并推动创立。 2、On Hold原因阅读全文​,2026-01-02 16:15:21
王飞跃,IEEE ITV顶刊停摆未解！中科院1区身份或遭除名/预警双重暴击？,未知,https://zhuanlan.zhihu.com/p/23289605660,2025-02-12,科检易Aaron编辑：Transportation Systems（IEEE TITS）主编的王飞跃教授于10年前倡议并推动创立。 On Hold原因阅读全文​,2026-01-02 16:15:22
王飞跃,中科院王飞跃：平行驾驶是无人驾驶的更高级阶段,未知,https://zhuanlan.zhihu.com/p/629496382,2023-05-15,投中网：中科院自动化研究所复杂系统管理与控制国家重点实验室主任、中科慧拓首席科学家王飞跃的答案是平行驾驶。 他坚信，将来所有的车都必须是平行车阅读全文​,2026-01-02 16:15:22
王飞跃,中科院自动化所复杂实验室王飞跃教授人品如何？,未知,https://www.zhihu.com/question/295004616/answer/920448385,2019-12-03,张超：今天听了王教授的讲座，从课程上感觉有一些很好的想法，有情怀，但是话里话外有一点委屈阅读全文​,2026-01-02 16:15:22
王飞跃,中国有不主动申请院士却强过院士的人吗？,未知,https://www.zhihu.com/question/634462247/answer/76065935096,2025-04-09,起风了：中科院自动化所的王飞跃老师， 主动申请院士好多年， 水平也高过领域院士平均水平， 可惜总是折戟，令人扼腕阅读全文​,2026-01-02 16:15:22
王飞跃,如何评价王飞跃教授的学术论文质量？,未知,https://www.zhihu.com/question/662485356/answer/1910651201197958814,2025-05-27,匿了：直到看了这个……阅读全文​,2026-01-02 16:15:22
王飞跃,如何看待IEEE TIV on hold？,未知,https://www.zhihu.com/question/662374181/answer/3572069700,2024-07-26,大头易拉罐：并在积极加紧对IEEE TIV的全面调查。第一轮针对主编王飞跃的调查结果已经证实了其存在多项学术不端行为，包括违规操作、恶意拒稿和操纵同行评审等阅读全文​,2026-01-02 16:15:22
王飞跃,如何评价王飞跃教授的学术论文质量？,未知,https://www.zhihu.com/question/662485356/answer/3572930150,2024-07-26,宇航AI绘画：评价一个学者的论文质量，可不是件简单的事儿。 咱们得承认，王飞跃教授在人工智能和复杂系统领域确实是个大牛。他发表的论文数量不少阅读全文​,2026-01-02 16:15:22
王飞跃,最全吃瓜！主编涉嫌操纵审稿？影响因子14的IEEE Trans已被on hold！,未知,https://zhuanlan.zhihu.com/p/711072786,2024-07-26,李肉馅：Transportation Systems）主编的王飞跃教授倡议并推动创立。 自被SCI数据库收录后，IEEE阅读全文​,2026-01-02 16:15:22
自动化学会,青年科技奖36人！2025年中国自动化学会科学技术奖励函评结果公示,未知,https://zhuanlan.zhihu.com/p/1982522884418204431,2025-12-11,科奖在线：2025年中国自动化学会科学技术奖励函评结果公示 根据《中国自动化学会科学技术奖励办法》，中国自动化学会经形式审查、函评阅读全文​,2026-01-02 16:15:41
自动化学会,湾区引擎 数智未来！深圳自动化学会成立四十周年纪念大会暨 2025 大湾区自动化创新与发展论坛圆满举办!,未知,https://zhuanlan.zhihu.com/p/1979233523752796319,2025-12-02,深圳自动化学会：特邀嘉宾分享结束后，深圳自动化学会40 周年庆典仪式正式启动。现场播放了学会发展专题短片，生动再现了40年来学会从蹒跚起步到茁壮成长的奋斗历程阅读全文​,2026-01-02 16:15:41
自动化学会,锐意进取四十载 继往开来启新程 —— 深圳自动化学会成立四十周年纪念暨第八届三次会员大会圆满召开！,未知,https://zhuanlan.zhihu.com/p/1979237473801487521,2025-12-02,深圳自动化学会：四十年砥砺前行，深圳自动化学会见证并助力粤港澳大湾区自动化产业发展。2025年学会不断加强内部建设、优化服务模式阅读全文​,2026-01-02 16:15:41
自动化学会,2025年中国自动化学会科学技术奖励形式审查结果公示！165项通过形审,未知,https://zhuanlan.zhihu.com/p/1949181640715763952,2025-09-10,科奖在线：CAA科学技术奖励候选人推荐与评选工作。 依据《中国自动化学会科学技术奖励办法》，中国自动化学会秘书处已完成相关项目形式审查工作阅读全文​,2026-01-02 16:15:41
自动化学会,【CAA知多少】发展历程篇,未知,https://zhuanlan.zhihu.com/p/503048057,2022-04-22,中国自动化学会：根据全国科协的有关精神，中国自动化学会筹委会改为中国自动化学会工作委员会。1961年6月，中国自动化学会工作委员会在北京召开全体会议阅读全文​,2026-01-02 16:15:41
自动化学会,中国自动化学会预备会员 有用吗？难加入吗？有什么用？,未知,https://www.zhihu.com/question/31662024/answer/685483474,2019-05-16,系统与控制：这个问题四年都没人回答。。。 预备会员很好加入 至于自动化学会会员的作用，如果你经常发论文，开会，而且自费的话阅读全文​,2026-01-02 16:15:42
自动化学会,中国自动化学会认定的A类期刊发表的难度如何？,未知,https://www.zhihu.com/question/336386314/answer/762618307,2019-07-26,扁舟子：那么问题来了，第11和第12这哥俩是怎么上榜的？因为他俩是学会自己办的啊。就这！ 所以，对于这个榜单，圈子里大家呵呵一笑阅读全文​,2026-01-02 16:15:42
自动化学会,​,,https://www.zhihu.com/question/48510028,,,2026-01-02 16:15:42
自动化学会,中国自动化学会预备会员 有用吗？难加入吗？有什么用？,未知,https://www.zhihu.com/question/31662024/answer/1947962082000638385,2025-09-07,盛世芳华：借个楼，请问下各位大佬，中国自动化学会高级会员难评嘛？阅读全文​,2026-01-02 16:15:42
自动化学会,中国自动化学会预备会员 有用吗？难加入吗？有什么用？,未知,https://www.zhihu.com/question/31662024/answer/3590563442,2024-08-11,JackeyTech：我一个正式普通的会员资格都不知道哪来的……唯一能想到的就是去年暑假参加了智能车拿了个国二，，难不成拿了奖自动加入的？前两天还催我让我续会费来着……阅读全文​,2026-01-02 16:15:42
王飞跃,罕见一幕来了：中国VC排队抢教授,未知,https://zhuanlan.zhihu.com/p/403459848,2021-08-25,投资界：而武汉大学在校生陈龙拿下了综合测试路段的第一名。由此，王飞跃教授发现了这位叫陈龙的年轻人。4年后，基于王飞跃教授首创的“平行理论”，陈龙与几位无人矿山领域的资深专家组成团队阅读全文​,2026-01-02 16:21:26
杨孟飞,嫦娥五号总设计师杨孟飞：潜心追梦，向月高飞,未知,https://zhuanlan.zhihu.com/p/50968731,2018-11-27,德先生：抢占航天科技战略制高点。 中国科学院技术科学部院士 杨孟飞 杨孟飞，是中国科学院技术科学部院士，我国空间技术领域专家阅读全文​,2026-01-02 16:22:07
杨孟飞,雨霖铃.忆嫦娥五号探月系统总指挥杨孟飞院士,未知,https://zhuanlan.zhihu.com/p/1900644143526577473,2025-04-29,蓝台风：时任五院副院长的杨孟飞来北京航天城502所公干，我和其有一面之缘。 杨孟飞，1962年10月1日出生在湖南湘阴，空间技术专家阅读全文​,2026-01-02 16:22:07
杨孟飞,【技术航天】我国已经具备建设地月空间基础设施能力,未知,https://zhuanlan.zhihu.com/p/611541987,2023-03-06,我们的太空：航天科技集团嫦娥五号探测器系统总指挥兼总设计师杨孟飞，今年就加快我国地月空间发展提出提案。 杨孟飞认为，地月空间开发利用已呈现出全球化趋势阅读全文​,2026-01-02 16:22:07
杨孟飞,身为中国航天人是种什么样的体验？,未知,https://www.zhihu.com/question/51926757/answer/2457866903,2022-04-26,优教无类黄老师：国民经济迎来一丝喘息的机会。杨孟飞就在这一年，出生在湘江边上的湘阴县。虽然生活条件贫寒，但为了小孩子的成长，杨孟飞的父母也从不吝啬把最好的都给他们阅读全文​,2026-01-02 16:22:07
杨孟飞,“嫦五”成功奔月，这些大学再立新功,未知,https://zhuanlan.zhihu.com/p/311126397,2020-11-25,软科：“嫦五”总设计师： 西安电子科技大学、清华大学校友——杨孟飞 杨孟飞，1962年生，中国科学院院士，空间技术专家阅读全文​,2026-01-02 16:22:07
杨孟飞,有哪些小 985 院校（211 里的比较厉害的）推荐吗?,未知,https://www.zhihu.com/question/458752533/answer/2487860135,2022-06-09,Whiplash：包括航天科技集团科技委主任包为民院士、嫦娥五号总设计师杨孟飞院士、空间站系统总设计师杨宏、首次火星探测任务、“天问一号”总...阅读全文​,2026-01-02 16:22:07
杨孟飞,如何看待西北政法大学？,未知,https://www.zhihu.com/question/48088150/answer/1895034075728819194,2025-04-14,老王说校：更是为国家的航空航天和国防事业做出了巨大的贡献。中国科学院院士、嫦娥五号总指挥、总设计师杨孟飞，工业和信息化部副部长徐晓兰，用友软件董事长兼CEO邵凯阅读全文​,2026-01-02 16:22:07
杨孟飞,【会议通知】2025 CCF系统软件技术论坛,未知,https://zhuanlan.zhihu.com/p/1905920708015526262,2025-05-14,CCF：在软件基础理论与方法、网构软件方法学和新型软件平台及其应用方面取得系列成果。 杨孟飞中国空间技术研究院CCF会士，中国科学院院士，国际宇航科学院院士阅读全文​,2026-01-02 16:22:07
杨孟飞,生活在岳阳，最让你骄傲的是什么？,未知,https://www.zhihu.com/question/527887201/answer/2464536777,2022-04-30,撸撸：特色小吃，浓厚的文化底蕴，为国家做贡献的岳阳人杨孟飞阅读全文​,2026-01-02 16:22:08
杨孟飞,容错四十载AI启新时代 | CCF全国容错计算学术会议CFTC 2025在杭州开幕,未知,https://zhuanlan.zhihu.com/p/1933539460521386307,2025-07-29,CCF：反响热烈、干货满满： CCF会士、中国科学院院士杨孟飞以《空间容错计算技术回顾与展望》为题，系统回顾我国空间飞行器容错技术的发展历程阅读全文​,2026-01-02 16:22:08
陈虹,【模型预测控制-陈虹著】笔记（一）基于状态空间模型的预测控制,未知,https://zhuanlan.zhihu.com/p/444390848,2023-08-01,CK1201：1 状态空间模型 x(k +1)= Ax(k)+B_uu(k)+B_dd(k)\\ y_c(k)= C_cx(k)\\阅读全文​,2026-01-02 16:22:27
陈虹,如何评价上汽董事长陈虹？,未知,https://www.zhihu.com/question/600803737/answer/84122696029,2025-01-21,常言笑：大部分都愿意走仕途，凭借企业的业绩做官去。陈虹是个另类，上汽集团是个相对特殊的企业。 而陈虹本人是既得利益者出身，而且阅读全文​,2026-01-02 16:22:27
陈虹,如何评价上汽董事长陈虹？,未知,https://www.zhihu.com/question/600803737/answer/3553604236,2024-07-06,赵奕：一次性提拔一位总裁和三位副总裁，陈虹雷厉风行的手腕不减当年。 前通用中国总裁墨菲对于陈虹有一句很知名的评价，他说陈虹是他遇到的所有国家汽车界里最有能力的管理者之一阅读全文​,2026-01-02 16:22:27
陈虹,如何评价上汽董事长陈虹？,未知,https://www.zhihu.com/question/600803737/answer/83414158821,2025-01-20,曹臻：交给李书福、王传福、余承东、李斌、雷军这样的人。 陈虹？真没必要给他歌功颂德！阅读全文​,2026-01-02 16:22:27
陈虹,比亚迪“绝杀”上汽！40年车圈老将陈虹退休,未知,https://zhuanlan.zhihu.com/p/708695635,2024-07-14,象视汽车：原一汽董事长徐留平离开汽车圈转战仕途，如今陈虹也谢幕了。1984年陈虹就进入上汽，一干就是40年。从2014年起，陈虹成为掌舵人，带领上汽在中国最大汽车集团的宝座上稳居了18年之久阅读全文​,2026-01-02 16:22:27
陈虹,上汽通用还有希望吗？,未知,https://www.zhihu.com/question/658481006/answer/3562889300,2024-07-15,娱乐资本论：7月10号，上汽掌舵人董事长陈虹宣布退休。 2014年掌舵上汽集团以来，陈虹提出了四个现代化：电动化、网联化、智能化和共享化阅读全文​,2026-01-02 16:22:28
陈虹,1991年余华想去北京闯荡，和妻子离婚后娶美女陈虹，之后狂赚1550万,未知,https://zhuanlan.zhihu.com/p/21215468204,2025-02-04,俊俊文艺：余华去往北京开始新的生活。 1992年余华与陈虹结为夫妻，两个人一起生活在9平米的出租屋里。由此可见陈虹并不是一个很现实的女人阅读全文​,2026-01-02 16:22:28
陈虹,如何看待上汽集团风雨飘摇中果断换帅?你认为此举会将上汽带出困境吗？,未知,https://www.zhihu.com/question/661307176/answer/3563380762,2024-07-16,七号-宋：具体的情况是这样的： ✔ 原上汽集团董事长陈虹即将退休。 ✔ 现任上汽集团总裁王晓秋接替陈虹，出任上汽集团董事长。 ✔阅读全文​,2026-01-02 16:22:28
陈虹,如何看待上汽集团风雨飘摇中果断换帅?你认为此举会将上汽带出困境吗？,未知,https://www.zhihu.com/question/661307176/answer/3558422682,2024-07-11,知乎用户oxOGwD：现任上汽集团董事长陈虹将正式退休，其职位由王晓秋接任。 汽车行业高度竞争，起起落落也正常，因此对陈虹领导的上汽也需要客...阅读全文​,2026-01-02 16:22:28
陈虹,上汽陈虹的灵魂论落伍了？华为横扫汽车圈，包括丰田和奥迪,未知,https://zhuanlan.zhihu.com/p/695546007,2024-05-02,象视汽车：都将会师华为“汽车朋友圈”。这是否意味着，陈虹的“灵魂论”彻底落伍？ 1. 陈虹抛出灵魂论？ 2021年6月份，在上汽集团股东大会上阅读全文​,2026-01-02 16:22:28
高会军,实至名归！祝贺哈工大高会军教授获系统与控制论领域的最高奖项！,未知,https://zhuanlan.zhihu.com/p/662464611,2023-10-20,堂博士：是系统与控制论领域的最高奖项之一。该奖项每年授奖不超过1人。 ▍高会军教授简介 高会军教授现为哈尔滨工业大学航天学院博士生导师、智能控制与系统研究所所长阅读全文​,2026-01-02 16:22:45
高会军,如何评价哈尔滨工业大学教授高会军 ？,未知,https://www.zhihu.com/question/26457786/answer/3565128142,2024-07-17,一颗大香蕉：看了一眼高老师的主页，摘了几条比较重磅的出来。 2023年8月，入选中国科学院院士增选有效候选人名单（准院士）阅读全文​,2026-01-02 16:22:45
高会军,高会军是怎么从博士生一跃而起成为哈工大教授的？,未知,https://www.zhihu.com/question/301369296/answer/1911139553466652198,2025-05-28,zxq：有幸论文发在了他为EIC的期刊上，选的审稿人在没有阅读所有大修上传文档的情况下，睁眼说瞎话说没有看到任何改动和回复阅读全文​,2026-01-02 16:22:45
高会军,如何评价哈尔滨工业大学教授高会军 ？,未知,https://www.zhihu.com/question/26457786/answer/3213411827,2023-09-16,昨夜西风凋碧树：看到有人说高会军的引用和以论文灌水为傲的回答，作为曾经做控制的不吐不快。先来对比几个控制大佬的引用：卡尔曼的h阅读全文​,2026-01-02 16:22:45
高会军,“我就是月薪2万的命，凭什么做月入5k的活儿”,未知,https://zhuanlan.zhihu.com/p/89997181,2020-04-13,行动派DreamList：甚至有的人本是中专学历、从技工起步，最终走到了科学殿堂的最顶端。 高会军出生在一个农村的农场，父母都是普通的农场职员，中专毕业后就进了工厂当工人……没天赋阅读全文​,2026-01-02 16:22:45
高会军,哈工大控制系导师求推荐?,未知,https://www.zhihu.com/question/9412115181/answer/80877779360,2025-01-16,Jerry 吴：高会军老师阅读全文​,2026-01-02 16:22:45
高会军,有哪些学渣成了科研界牛闪闪的人物？,未知,https://www.zhihu.com/question/31774817/answer/76636014,2015-12-14,关大：据说硕士论文足够评院士，后来就成了院士，还是中国最有钱的院士。高会军，中专出生，2014世界最有影响力的科学家之一，评院士只是时间问题...阅读全文​,2026-01-02 16:22:45
高会军,如何评价哈尔滨工业大学教授高会军 ？,未知,https://www.zhihu.com/question/26457786/answer/3249827979,2023-10-14,从未有过：一个图就能明了了：阅读全文​,2026-01-02 16:22:45
高会军,哈工大高会军老师能成为院士吗？,未知,https://www.zhihu.com/question/51261414/answer/125006638,2016-10-05,陶涛：个人觉得有可能，就是比较难。。。因为高老师的东西理论性太强，工程经验没那么足，评工程院院士没有大项目很困难阅读全文​,2026-01-02 16:22:45
高会军,把一副烂牌打好的人有哪些？,未知,https://www.zhihu.com/question/267653832/answer/1941893502,2021-06-15,YANGYANHUAN：控制学科 高会军 yyds高会军 Google学术高会军 - 哈尔滨工业大学教师个人主页 高会军，男，1976年1月...阅读全文​,2026-01-02 16:22:45
侯增广,康复机器人的现状、机遇和未来,未知,https://zhuanlan.zhihu.com/p/35549542,2018-04-11,机器人孔博士：编者按：侯增广老师现为研究员、博士生导师 ，现任复杂系统管理与控制国家重点实验室副主任，国家杰出青年科学基金获得者阅读全文​,2026-01-02 16:23:01
侯增广,如何评价中国科学院自动化研究所侯增广老师团队？,未知,https://www.zhihu.com/question/616257144/answer/40971933837,2024-11-26,小任物：侯老师人挺nice的。如果你对医疗机器人有兴趣，想研究生做这个方向可以报名啊。 不过我有点担心医疗机器人方向未来就业的情况的...阅读全文​,2026-01-02 16:23:02
侯增广,中科院自动化所科研实习（优秀者有保研读博机会，长期有效！）,未知,https://zhuanlan.zhihu.com/p/670714032,2025-04-10,MR XIANG：中科院自动化所医疗机器人团队（学科带头人：侯增广研究员）现有国家杰青2人，国家优青2人，万人计划入选者2人、IEEE...阅读全文​,2026-01-02 16:23:02
侯增广,中科院自动化所侯增广研究员团队-医疗机器人博士后招聘,未知,https://zhuanlan.zhihu.com/p/558262521,2022-10-14,MR XIANG：【团队介绍】 中科院自动化所医疗机器人团队（学科带头人：侯增广研究员）现有国家杰青2人，国家优青2人，万人计划入选者2人、IEEE阅读全文​,2026-01-02 16:23:02
侯增广,CCAI 2019｜侯增广：把生物智能融合于机器智能，大力发展康复机器人,未知,https://zhuanlan.zhihu.com/p/79977477,2019-08-27,中国人工智能大会：2019”）将于在9月21日-22日在青岛胶州召开。侯增广教授将出席大会并担任聚“智”汇“能”机器人论坛共同主席阅读全文​,2026-01-02 16:23:02
侯增广,搞机器人控制必须要学《机器人学》吗?,未知,https://www.zhihu.com/question/10634807736/answer/114874678073,2025-03-03,萧然：大学本科时候，学习的是中科院侯增广老师的《机器人学》，那时候还是一脸懵逼，看不太懂！ 研究生期间学习的就是北航于靖军老师的《机器人机构...阅读全文​,2026-01-02 16:23:02
侯增广,未来 3~5 年内，哪个方向的机器学习人才最紧缺？,未知,https://www.zhihu.com/question/63883507/answer/3445451882,2024-03-27,shiyuan4195：赵冬斌教授-中国科学院自动化研究所 IEEE fellow 侯增广教授-中国科学院自动化研究所 （持续更新中......阅读全文​,2026-01-02 16:23:02
侯增广,入局“介入机器人”，3天砸3亿！治水龙头的“生命”跨越,未知,https://zhuanlan.zhihu.com/p/1987102429561507931,2025-12-24,颐通社：骨子里流淌着最纯正的学术“血液”。 由 IEEE Fellow、杰青侯增广教授领衔，中科鸿泰在医疗人工智能领域已经默默耕耘了近20年阅读全文​,2026-01-02 16:23:02
侯增广,中科院自动化所全国重点实验室实习生招聘（长期有效）,未知,https://zhuanlan.zhihu.com/p/1893326120239227092,2025-08-29,男孩易路：中国科学院自动化研究所多模态人工智能系统全国重点实验室（全国首批20个标杆全国重点实验室），医疗机器人团队（学科带头人：侯增广研究员，程龙研究员）。现有国家杰青2人，国家优青2人阅读全文​,2026-01-02 16:23:02
侯增广,机器学习领域，如何选择研究方向？,未知,https://www.zhihu.com/question/28689201/answer/3436053542,2024-03-19,shiyuan4195：赵冬斌教授-中国科学院自动化研究所 IEEE fellow 侯增广教授-中国科学院自动化研究所 （持续更新中......阅读全文​,2026-01-02 16:23:02
孙彦广,增强文化自信 传承优秀文化 名艺术家走进企业,未知,https://zhuanlan.zhihu.com/p/435696723,2021-11-20,媒联：参加本次笔会的书画名家杨建明、李文雁、王红、魏铁刚、车飞、潘兆霞、陈福领、孙彦广、李凤梅挥毫泼墨，创作了一批令人拍案叫绝的美作。楷书端庄秀丽、刚劲有力阅读全文​,2026-01-02 16:23:21
孙彦广,如何看待中国钢铁工业协会会议纪要？,未知,https://www.zhihu.com/question/543198425/answer/2992594466,2023-04-20,克制：冶金设备与产品监测、检测技术 21 冶金自动化与智能化（召集人：孙彦广、谢少荣、彭燕华） 智能制造与CPS、基础自动化、冶金过程控制、...阅读全文​,2026-01-02 16:23:21
孙彦广,强强联合！泰山钢铁集团与中国钢研科技集团签署战略合作协议！,未知,https://zhuanlan.zhihu.com/p/366688099,2021-04-21,今日钢铁：中国钢研科技集团党委常委、副总经理艾磊，副总工程师孙彦广，集团党委成员、总工程师高振民，党委成员、总监邵书东阅读全文​,2026-01-02 16:23:21
孙彦广,书画交流进民企 绿色环保赢赞誉,未知,https://zhuanlan.zhihu.com/p/448337639,2021-12-22,媒联：书画名家张才文，魏铁刚，陈福领，李文雁，孙长军，孙彦广，车飞，闫运来，王建芝，黄玲，王红挥毫泼墨，创作了一批寓意美好阅读全文​,2026-01-02 16:23:21
孙彦广,如何评价《脱口秀和 Ta 的朋友们 2》总决赛（第十二期）？,未知,https://www.zhihu.com/question/1944703610043766040/answer/1945169968216924793,2025-08-30,梨涡姑娘：我是真的get不到漫才兄弟。从始至终。 今年脱友整体感觉质量非常高，文本，表演都很精彩，让我一个平时根本没冲动去看线下的人有了想去...阅读全文​,2026-01-02 16:23:21
孙彦广,如何评价柯汶利执导，彭昱畅、张钧甯主演的悬疑电影《匿杀》？,未知,https://www.zhihu.com/question/1988033755844145392/answer/1989709862679123890,2025-12-31,帽子导演：本来以为《匿杀》会像宣传资料里说的那样，是柯汶利导演“杀”宇宙，《误杀》《默杀》）系列一致的力作，毕竟前两部都是深耕现实主义的悬疑...阅读全文​,2026-01-02 16:23:21
孙彦广,中国 AI 领域，谁是你最看好的「潜力股」人才？,未知,https://www.zhihu.com/question/1946869975231983865/answer/1977127229621306157,2025-11-26,makwingchi：从关注的大佬里面随便挑出几位吧： @张俊林 ：微博大佬 @方佳瑞 ：字节大佬，B站有关于verl的分享阅读全文​,2026-01-02 16:23:21
孙彦广,天下第一等好事，还是读书,未知,https://zhuanlan.zhihu.com/p/1990022901416628417,,子玉史院：文 / 子玉 这几年读书最大的一个感受是，读书一定要读好书，读经典，就像吃饭一样，好的食材带给人的营养一定更高阅读全文​,2026-01-02 16:23:21
孙彦广,2021年，如果只推荐5个基金经理，你推荐哪5个？,未知,https://www.zhihu.com/question/441299456/answer/1721754927,2025-12-03,网叔：问对了，牛逼的基金经理从来就是凤毛麟角。 百里挑一。 全国143家基金公司，一共1561名基金经理（权益类）阅读全文​,2026-01-02 16:23:22
孙彦广,什么牌子的胡辣汤好喝？,未知,https://www.zhihu.com/question/340669685/answer/1979682056498857288,2025-12-03,大宝：首先回答你关心的问题，京遥是正宗的，他也是最早做胡辣汤料理包的，大概是92年开始建立生产线的，距今已经30多年阅读全文​,2026-01-02 16:23:22
辛景民,你不知道的郑南宁院士的50个俯卧撑 ！,未知,https://zhuanlan.zhihu.com/p/84793315,2019-09-30,德先生：却上演着不同的故事。 受郑南宁院士委托，人工智能学院辛景民、孙宏滨、李杰、魏平一行代表学院教师，带着月饼和问候阅读全文​,2026-01-02 16:23:43
辛景民,又有两所双一流大学成立人工智能学院,未知,https://zhuanlan.zhihu.com/p/55513439,2019-01-23,清大紫育：并且成立了人工智能本科专业课程设置工作组。 课程设置工作组成员包括：郑南宁、刘跃虎、辛景民、孙宏滨、兰旭光、陈霸东、徐林海、任鹏举、汪建基、魏平、王乐、杜少毅、刘龙军、白惠仁、张璇阅读全文​,2026-01-02 16:23:43
辛景民,哪所大学的人工智能比较强?,未知,https://www.zhihu.com/question/546859351/answer/1930567171601301930,2025-07-21,优教无类黄老师：国家级领军人才、国家青年人才占比达三分之一以上，阵容堪称超豪华。 近些年来，西交的华刚、辛景民、陈霸东、龚怡宏等4位IEEE Fellow，同样已经成为国内外人工智能领域颇具影响力的科学家阅读全文​,2026-01-02 16:23:43
辛景民,2019中国（小谷围）人工智能创新创业大赛评委阵容、项目亮点,未知,https://zhuanlan.zhihu.com/p/102477199,2020-01-13,运筹汇：小燕主任、西安交通大学人工智能研究院常务副院长辛景民教授、中国信息通信研究院云计算与大数据研究院人工阅读全文​,2026-01-02 16:23:43
辛景民,AIIA2020人工智能开发者大会 | 九大论坛九大亮点，十全十美迎盛宴,未知,https://zhuanlan.zhihu.com/p/260031498,2020-09-28,知乎用户YB86Vg：中国信息通信研究院云计算与大数据研究所所长何宝宏，西安交通大学人工智能学院常务副院长辛景民等专家学者，从新基建、人工智能前沿发展与产业赋能新形态等多个方面阅读全文​,2026-01-02 16:23:43
辛景民,【最后延期】IFAC HMS 2025 征稿延期至8月15日，诚邀您投稿！,未知,https://zhuanlan.zhihu.com/p/1937101699920688012,2025-08-08,脑机接口社区：中国科学院自动化研究所 中国自动化学会副理事长 联合主席 辛景民 西安交通大学 中国自动化学会副理事长 副主席 秦家虎阅读全文​,2026-01-02 16:23:43
辛景民,推动人工智能产业创新发展，2019中国人工智能创新创业大赛圆满成功,未知,https://zhuanlan.zhihu.com/p/102490774,2020-01-13,运筹汇：小燕主任、西安交通大学人工智能研究院常务副院长辛景民等组成的专业评委团队，本着公平公正公开原则，结合各个项目路演者的现场表现以及项目的商业模式、团队组成等方面的综合实力进行考量并为其打分阅读全文​,2026-01-02 16:23:43
辛景民,你知道的最冷但有趣的冷知识？,未知,https://www.zhihu.com/question/8462563356/answer/1985105788407158399,2025-12-20,gnetic：说一个关于香港的。香港国安处百万悬赏通缉的那总共十几个人中，有一个很有钱的香港企业家，叫袁弓夷。他家族关系网很有意思哈...阅读全文​,2026-01-02 16:23:43
辛景民,历史上有哪些令人难忘的细节？,未知,https://www.zhihu.com/question/66209771/answer/1978111596560654615,2025-11-29,梧桐听雨：著名科幻作家叶永烈描写的抓捕王洪文过程，他给出了多个版本。 汪东兴回忆： 他有一点挣扎，当行动组的几个卫士在走廊里把他扭住时...阅读全文​,2026-01-02 16:23:44
辛景民,有什么临刑前仍然很嚣张的死刑犯么？,未知,https://www.zhihu.com/question/436976214/answer/2806152900,2025-03-26,律呗：临刑前仍然很嚣张的死刑犯 收录 01.制毒贩毒：刘招华 惊人语录： 既然洋人能用鸦片打开我们的大门，那我也能用冰毒打开他们的大门阅读全文​,2026-01-02 16:23:44
阳春华,中国网络大会专题论坛 | 面向智能制造的新型工业互联网体系与安全,未知,https://zhuanlan.zhihu.com/p/1626622905,2024-10-17,CCF：重庆市科技进步一等奖和二等奖。 嘉宾 阳春华 中南大学教授，校学术委员会副主任 个人简介：阳春华，中南大学教授，校学术委员会副主任、“工业智能与系统”教育部重点实验室主任阅读全文​,2026-01-02 16:24:01
阳春华,CNCC2024 | 工业大模型论坛盛大举办，共论新型工业化AI新基座,未知,https://zhuanlan.zhihu.com/p/6150594329,2024-11-11,CCF：中南大学校校学术委员会副主任/信息学部主任、国家杰青、IEEE Fellow阳春华教授以《工业知识增强大模型赋能智能制造的思考与初步探索》为题作大会主旨报告阅读全文​,2026-01-02 16:24:01
阳春华,大咖云集丨业内专家齐聚【有色金属技术创新与发展论坛】,未知,https://zhuanlan.zhihu.com/p/712561007,2024-08-03,矿库网：报告人：中南大学教授阳春华 报告题目：《工业互联网赋能有色冶金智能制造》 专家介绍 阳春华，中南大学教授，博士生导师阅读全文​,2026-01-02 16:24:01
阳春华,SUFN三峰照明优秀店长燎原计划：引领城市之光，点亮智慧生活！,未知,https://zhuanlan.zhihu.com/p/622818248,2023-04-18,车行之家： SUFN三峰照明集团总经理阳春华发言 SUFN三峰照明集团总经理阳春华对此次“燎原计划”活动发表重要讲话阅读全文​,2026-01-02 16:24:02
阳春华,SUFN三峰照明优秀店长燎原计划圆满闭幕：赋能经销商，共筑智能人居新篇章,未知,https://zhuanlan.zhihu.com/p/695469077,2024-04-30,chips：也为门店的业务发展注入了新的活力。 SUFN三峰照明品牌总经理阳春华与优秀店长合影 同时，SUFN三峰照明还举办了优秀店长和优秀团队的评选颁奖活动阅读全文​,2026-01-02 16:24:02
阳春华,自动控制各个方向都有哪些领军人物？,未知,https://www.zhihu.com/question/357554356/answer/3319565903,2023-12-09,BUFF学长3：李少远、汪小帆、席裕庚、杨小康 中南大学： 谷士文、桂卫华、吴敏、阳春华 南京航空航天大学 ：胡寿松、江驹、姜斌、姜长生阅读全文​,2026-01-02 16:24:02
阳春华,控制自动化导师推荐-985篇,未知,https://zhuanlan.zhihu.com/p/684587832,2024-03-01,控制自动化考研：张承慧、张焕水、刘允刚、陈阿莲、宋锐、张海霞等长江学者 中南大学： 阳春华杰青(做过程建模优化控制、智能感知、工业大数据)...阅读全文​,2026-01-02 16:24:02
阳春华,如何评价电子科技大学2019年院士、杰青全部挂零？,未知,https://www.zhihu.com/question/357351954/answer/1898046515722843544,2025-04-22,知乎周瑞：中生代的突围与老将的终局，以及女性科学家的破局密码 中南大学阳春华的出现，打破了图谱分析组长期由男性主导的局面。她的优势不仅在于两项国家奖的硬实力阅读全文​,2026-01-02 16:24:02
阳春华,如何评价 2022 IEEE Fellow 名单出炉，清华大学3位学者上榜？还有哪些信息值得关注？,未知,https://www.zhihu.com/question/501155854/answer/2531778165,2022-06-16,文献数据库有料说：23、 Prof. Chunhua Yang 阳春华 中南大学 在复杂工业过程的智能控制和优化方面的贡献阅读全文​,2026-01-02 16:24:02
袁利,【快讯航天】创新永远在路上！ 航天科技集团五院成立空间科学与深空探测工程中心,未知,https://zhuanlan.zhihu.com/p/30541793678,2025-03-16,我们的太空：中国科学院、中国电子科技集团、哈尔滨工业大学等单位专家，五院院长李大明、党委书记路明辉、副院长袁利，院综合管理层及相关单位领导，空间科学与深空探测领域的老领导、老专家及五院空间科学与深空探测工程中心员工代表等...阅读全文​,2026-01-02 16:24:22
袁利,提供一站式行程定制服务，WeDive 要实现潜水旅游服务产品的标准化,未知,https://zhuanlan.zhihu.com/p/96278746,2019-12-09,猎云网：且保持着年均30%的增长速度。 WeDive潜水品牌创始人袁利是一名深度潜水爱好者，由一个普通的玩家升级到了考取AOW潜水证阅读全文​,2026-01-02 16:24:22
袁利,德清求是高中：我校高三年级举行青年教师会议,未知,https://zhuanlan.zhihu.com/p/688844987,2024-03-25,湖州求是教育集团：德清县求是高级中学高三年级召开青年教师会议。本次会议以“教育论文的撰写”为主题，由教务主任袁利主持。 袁主任首先表达了对新教师成长的关心，然后深入论述了当前存在的问题阅读全文​,2026-01-02 16:24:22
袁利,以德立学 以德育人——记德清县求是高级中学高二年级教师例会,未知,https://zhuanlan.zhihu.com/p/623778131,2023-04-21,求是教育：德清县求是高级中学高二年级在求是楼三楼召开教师例会。本次会议由教务主任袁利主持，全体教师参加。 01袁主任就期中考试工作做了详细的安排阅读全文​,2026-01-02 16:24:22
袁利,德清求是高中：一言一行树典范——记高二年级教师例会,未知,https://zhuanlan.zhihu.com/p/613603433,2023-03-13,求是教育：副校长周惠英、教务主任袁利、政教主任牛春南及全体高二教师参加。 教务主任袁利对本阶段教学工作做了细致化的要求阅读全文​,2026-01-02 16:24:23
袁利,德清求是高中：家校携手 共铸辉煌 ——记高三年级全体教师例会,未知,https://zhuanlan.zhihu.com/p/673617940,2023-12-22,湖州求是教育集团：会议由教务主任袁利主持，会议主题为“加强家校沟通，关注学生成长”。 01 会议伊始，教务主任袁利对一周的工作进行了总结阅读全文​,2026-01-02 16:24:23
袁利,德清求是高中：教师善导明方向 | 高一年级召开教师例会,未知,https://zhuanlan.zhihu.com/p/5586028172,2024-11-07,湖州求是教育集团：每一个环节都需要教师认真对待，确保学生能在考试中发挥出应有水平。 教务主任袁利着重关注课堂教学质量。他提出要积极践行激情课堂九项措施阅读全文​,2026-01-02 16:24:23
袁利,云南技校都有什么专业适合女生,未知,https://zhuanlan.zhihu.com/p/355471616,2021-03-08,云南万通汽车中等专业学校：通过综合考察，袁利最终来到万通报名学习，截止到目前，袁利入学也快一年了。在采访中，袁利说道：“这里的课程非常有意思阅读全文​,2026-01-02 16:24:23
袁利,德清求是高中：师者同心，助力高考｜高三年级召开全体教师例会,未知,https://zhuanlan.zhihu.com/p/694479657,2024-04-25,湖州求是教育集团：德清县求是高级中学高三年级召开全体教师例会。本次会议由教务主任袁利主持。 袁主任表示，在高考的最后阶段，学生的个别辅导工作不容忽视阅读全文​,2026-01-02 16:24:23
张承慧,以自主“芯”点亮“智”未来 | 2025河南自主工控生态发展大会成功举办,未知,https://zhuanlan.zhihu.com/p/1895065850198856667,2025-04-14,龙芯中科：中国自动化学会副理事长、山东大学控制科学与工程学院院长张承慧教授表示，2025年政府工作报告将“创新”与“高质量发展”确立为核心战略阅读全文​,2026-01-02 16:24:41
张承慧,山东大学有机会上院士的教授?,未知,https://www.zhihu.com/question/436895805/answer/1651178481,2020-12-29,哈比：控制学院的院长：张承慧教授阅读全文​,2026-01-02 16:24:41
张承慧,山东大学哪些专业非常出名？,未知,https://www.zhihu.com/question/654092075/answer/3482565786,2025-02-02,惊云孤灯：总体实力强。 最新消息:张承慧教授拿了山东省科技最高奖，院士增选更进一步 张承慧，山东大学讲席教授、博士生导师阅读全文​,2026-01-02 16:24:41
张承慧,人工智能打开自动化技术发展新空间,未知,https://zhuanlan.zhihu.com/p/6973798955,2024-11-15,晒科网：中国自动化学会常务理事、山东大学教授张承慧则展望了元宇宙与新能源系统深度融合的前景。张承慧指出，新能源大规模开发利用已成为全球共识和我国国家战略阅读全文​,2026-01-02 16:24:41
张承慧,动力汽车电池管理方向课题组,未知,https://zhuanlan.zhihu.com/p/536519114,2022-10-30,月下逆水的行舟：朱建功 戴老师口碑数一数二了。 Part 1 山大 张承慧 商云龙—优青 张奇 北航 杨世春 刘新华 吉大阅读全文​,2026-01-02 16:24:42
张承慧,最近经常刷到唱空新能源的视频，有没有人科普下新能源的问题？,未知,https://www.zhihu.com/question/640574661/answer/3545343591,2024-06-28,周远生：图片来自网络 山东大学讲席教授、控制科学与工程学院教授张承慧主持完成的成果“大容量电池储能系统数智化测试与控制关键技术及产业化”荣获国家科学技术进步二等奖阅读全文​,2026-01-02 16:24:42
张承慧,山东大学工科专业哪个比较好呢？,未知,https://www.zhihu.com/question/456218784/answer/1870216342,2021-05-05,郭方琨：并且在2021年院士评选中，控制学院院长长江学者张承慧教授获得有效提名。阅读全文​,2026-01-02 16:24:42
张承慧,基金委公布一批项目评审专家名单！,未知,https://zhuanlan.zhihu.com/p/585635511,2022-11-22,Future远见：殷绪成，尹建伟，于海斌，俞大鹏，喻俊志，战兴群，张承慧，张海君，张纪峰，张钦宇，章毅，赵生捷，赵元富，郑小平阅读全文​,2026-01-02 16:24:42
张承慧,长城汽车李瑞峰说「中国品牌不可以向下，财务造假有些人是要坐牢的」，如何解读这一言论？,未知,https://www.zhihu.com/question/659363232/answer/3541136373,2024-06-25,知乎用户afTYt2：大容量电池储能系统数智化测试与控制关键技术及产业化 张承慧，段 彬，商云龙， 邢相洋，曹 伟，丁文龙， 康永哲...阅读全文​,2026-01-02 16:24:42
赵延龙,宏盟 OMG 管理层变动及架构揭秘,未知,https://zhuanlan.zhihu.com/p/1949474754558943643,2025-09-11,大智：员工满意度连续三年行业第一 子品牌这边也有亮点：PHD 中国 CEO 赵延龙（Joey Zhao） 2023 年上任后，直接带...阅读全文​,2026-01-02 16:25:00
赵延龙,国内哪些高校数学系在控制论方面比较强?,未知,https://www.zhihu.com/question/649396608/answer/3439600661,2025-11-12,溜溜没：中科院数学与系统科学研究院，系统科学研究所——郭雷，张纪峰，郭宝珠，赵延龙，李婵颖 东大，数学学院，系统科学系——曹进德，温广辉...阅读全文​,2026-01-02 16:25:01
赵延龙,【直播】自主智能与协同决策,未知,https://zhuanlan.zhihu.com/p/704178541,2024-06-20,koushare：08:00 报告人： 曾志刚 教授，华中科技大学 赵延龙 研究员，浙江大学中科院数学与系统科学研究院 席建祥阅读全文​,2026-01-02 16:25:01
赵延龙,国内哪些高校数学系在控制论方面比较强?,未知,https://www.zhihu.com/question/649396608/answer/3609966843,2024-09-02,一届小学生：系统控制室全体，郭雷，张纪峰，郭宝珠，李婵颍，赵延龙等等（中科院控制组整体偏信息科学，其实不应该算）阅读全文​,2026-01-02 16:25:01
赵延龙,2025宏盟媒体集团（Omnicom Media Group）企业结构及高级管理人员现状,未知,https://zhuanlan.zhihu.com/p/1951250474687788229,2025-09-16,大智：员工满意度连续三年行业第一 子品牌这边也有亮点：PHD 中国 CEO 赵延龙（Joey Zhao） 2023 年上任后，直接带...阅读全文​,2026-01-02 16:25:01
赵延龙,几何控制 Geometric Control 之美在于什么？,未知,https://www.zhihu.com/question/284674189/answer/445175088,2018-07-18,"小心假设：一种关于建模、估计和辨识的几何方法》 林德奎斯特, 皮奇, 赵延龙, 赵文虓【摘要 书评 试读】图书 第一本也绝对值得引进翻译出版...阅读全文​",2026-01-02 16:25:01
赵延龙,华为π实验室,未知,https://zhuanlan.zhihu.com/p/653599843,2023-08-31,山涧果子：执行组副组长 闫桂英、赵延龙 执行组成员（姓氏笔划排序） 数学院：闫桂英、赵延龙、崔涛、戴彧虹、李京安阅读全文​,2026-01-02 16:25:01
赵延龙,谁能给点QC小组的经验？,未知,https://www.zhihu.com/question/360539291/answer/2797852646,2022-12-12,不误正业的搬砖工：副组长 杨万斌 45 男 大专 生产经理 副组长 赵延龙 28 男 本科 商务经理 副组长 杨 斐 25阅读全文​,2026-01-02 16:25:01
赵延龙,如何评价《以团之名》第六期8进6公演？,未知,https://www.zhihu.com/question/313998317/answer/612693205,2019-03-03,落乔幽幽：这次的舞台除了繁繁一如既往的可爱，还GET到了哲野和钮杨圣轩的颜，还有赵延龙，跳的时候很严肃，更像是被迫加班带6个孩子去公园玩的老...阅读全文​,2026-01-02 16:25:01
赵延龙,如何看待SNH48姐妹团解散？,未知,https://www.zhihu.com/question/309692917/answer/583781134,2019-01-28,影视圈杂志：本次参加《以团之名》的热亚提、厉子敬、陈泽鑫、赵延龙等几位选手，就分别来自这里。 在节目中，D7成员向导师表示阅读全文​,2026-01-02 16:25:01
周杰,如何评价演员周杰？,未知,https://www.zhihu.com/question/21712233/answer/1916394057204208194,2025-06-12,秋葵：如果这个男主角换成周杰来演，可能整部剧的效果都会上一个档次。 但看完周杰与易立竞的那次访谈节目后，我对周杰的遭遇心中更多的是释然和理解阅读全文​,2026-01-02 16:25:19
周杰,一个演员的演技能让你惊艳到什么程度？,未知,https://www.zhihu.com/question/326221396/answer/1978615630061127542,2025-12-01,流星似我：在大众的朴素印象里，过错当然都在周杰这边。 尽管周杰和陈道明都出面否认过这个传言，不过周杰嚣张不尊重前辈的印象还是留了下来阅读全文​,2026-01-02 16:25:19
周杰,如何评价周杰在电视剧《少年包青天》中的演技？,未知,https://www.zhihu.com/question/549116650/answer/1987628060166604611,2025-12-25,多莉的梦游计：带着不屑和消磨时间的想法，周杰的演技仍然能引人入胜。 就是你哪怕知道谜底，他还是让你有解密的快感。 而且周杰可说是演伟光正的人...阅读全文​,2026-01-02 16:25:19
周杰,被黑了10年的周杰，现状如何呢?,未知,https://www.zhihu.com/question/396146702/answer/1949143463397425984,2025-09-10,朱丽叶：《还珠格格》上映都20多年了，“尔康”周杰也已经年过半百。 近日听到54岁的周杰谈论死亡，才知道原来不管有钱没钱阅读全文​,2026-01-02 16:25:19
周杰,如何评价周杰在电视剧《少年包青天》中的演技？,未知,https://www.zhihu.com/question/549116650/answer/1919498956985065994,2025-06-20,弹吉他的胖达：周杰的台词逻辑重音是最准的， 声音是从丹田中发出来，你仔细听其实挺厚重，其他两位有点轻飘。 这个其他两位都不行阅读全文​,2026-01-02 16:25:20
周杰,如何评价演员周杰？,未知,https://www.zhihu.com/question/21712233/answer/19323570,2013-10-12,hihola：后院有过一辆平衡车 …… 一句玩笑话，不过我是从平衡车新闻里才知道他不是散户阅读全文​,2026-01-02 16:25:20
周杰,周杰，我们欠你一个道歉！,未知,https://zhuanlan.zhihu.com/p/61994558,2019-04-10,沃光传媒：而生活才是主业，工作与生活他一直都分得很开。 周杰现在的生活状态 周杰除了拍戏外，还搞收藏，做投资，甚至在东北种植了一大片稻田阅读全文​,2026-01-02 16:25:20
周杰,如何看待演员周杰及其现状？,未知,https://www.zhihu.com/question/65093295/answer/227848463,2017-09-10,aLeX：拍到第三部的时候主演都声称不再接拍怕被观众误认为自己只会演某个类型的角色，只剩下尔康周杰还是尔康周杰，就想这个演员是不是没戏拍了或者是演技不行只能演出福尔康这样的并不出众和吸睛的配角然后凭此名头继续混迹下去...阅读全文​,2026-01-02 16:25:20
周杰,周杰演技那么好，为什么都没见过演什么剧了？,未知,https://www.zhihu.com/question/456064410/answer/1939158868455297864,2025-08-14,微邦娱乐：林心如成为金牌制片人后，很多人又开始用周杰来贬低林心如，说还珠格格周杰的演技最好，没有他林心如的紫薇不可能成为经典阅读全文​,2026-01-02 16:25:20
陈杰,如何看待陈杰院士担任哈工大党委书记？,未知,https://www.zhihu.com/question/4063355794/answer/33276667680,2024-11-17,MZair：陈杰可不是普通的院士，几乎是控制学科目前的头牌院士，院士中的战斗机，影响力非同一般。另外有同济校长和教育部副部长的履历...阅读全文​,2026-01-02 16:25:41
陈杰,诺奖院士邀请｜陈杰：控制理论与控制工程、人工智能专家,未知,https://zhuanlan.zhihu.com/p/6908924183,2024-11-14,他山石智库：陈杰（1965.7— ）研究领域为控制科学与工程、智能无人系统，主要研究方向是复杂系统多指标优化与控制、多智能体协同控制的研究阅读全文​,2026-01-02 16:25:41
陈杰,如何看待陈杰院士担任哈工大党委书记？,未知,https://www.zhihu.com/question/4063355794/answer/34067329095,2024-11-18,二民：已有的教师水平实力就很强，现在陈杰加入，以他的资源更是如虎添翼。 陈杰本硕博都毕业于北理工，职业生涯的成长期和巅峰期一直在北理工...阅读全文​,2026-01-02 16:25:41
陈杰,中央批准：中央候补委员、教育部副部长，任C9大学书记,未知,https://zhuanlan.zhihu.com/p/7067819040,2024-11-15,深度学习与NLP：部门和学院、学部、校区主要负责同志，教职工代表等参加会议。 陈杰同志简历 陈杰，1965年7月出生，在职研究生，工学博士阅读全文​,2026-01-02 16:25:41
陈杰,陈杰院士等领衔 15 位报告嘉宾齐聚“人工智能与自主协同”研讨会,未知,https://zhuanlan.zhihu.com/p/127471138,2020-04-09,雷峰网：本次研讨会的总主席是同济大学校长、中国工程院院士、IEEE Fellow 陈杰，共同主席为北京理工大学教授窦丽华以及鹏城实验室副主任、IEEE阅读全文​,2026-01-02 16:25:41
陈杰,如何评价同济大学又换校长？,未知,https://www.zhihu.com/question/286101452/answer/447825228,2018-07-21,Echo：然后人选在北理工的两位副校长，梅院士和陈杰院士之间。 前几天确定得到消息是陈杰院士。前两天我就发了票圈了。 陈杰院士除了是院士之外阅读全文​,2026-01-02 16:25:41
陈杰,如何看待陈杰院士担任哈工大党委书记？,未知,https://www.zhihu.com/question/4063355794/answer/33794791597,2024-11-18,战神李靖：前同济校长，教育部副部。 猜测是转正部无望，所以下放继续回高校，当党委书记养老。 也有可能是为了腾出位置给某个人阅读全文​,2026-01-02 16:25:41
陈杰,陈杰院士：从无人系统到自主智能无人系统,未知,https://zhuanlan.zhihu.com/p/579531826,2022-11-01,晒科网：典型自主智能无人系统包括自动驾驶汽车、智能制造机器人以及用于陪伴或安慰的机器人等。 中国工程院陈杰院士研究团队在中国工程院院刊《Engineering》2022年第5期发表《从无人系统到自主智能无人系统》一文...阅读全文​,2026-01-02 16:25:42
陈杰,2021年如何看待陈杰院士担任同济大学校长的这三年？,未知,https://www.zhihu.com/question/476947913/answer/2036784767,2021-08-03,柯布西瓜：说两个事儿吧。 前些年我给校长信箱写了封邮件，说明很多计算机相关的选修课都开设在嘉定，而四平很少甚至没有阅读全文​,2026-01-02 16:25:42
陈杰,同济三重违规践踏教育公平,未知,https://zhuanlan.zhihu.com/p/1979633354983895680,2025-12-03,jyfbdzdd：尊敬的社会各界朋友 ： 您好！同济大学原党委书记方守恩、原校长陈杰、原副校长雷星晖、研究生院长赵鸿铎、原研究生院副院长兼招...阅读全文​,2026-01-02 16:25:42
戴琼海,请问听清华大学戴琼海院士讲课是一种什么样的体验？,未知,https://www.zhihu.com/question/464485474/answer/1937982965,2021-06-13,LPTHU：前面 @丨乂丨 介绍了戴老板本科生课的情况，我简单介绍下研究生课。 这学期有幸选了戴老板“计算摄像学”研究生课程阅读全文​,2026-01-02 16:26:01
戴琼海,清华研究登Nature，首创全前向智能光计算训练架构，戴琼海、方璐领衔,未知,https://zhuanlan.zhihu.com/p/713474901,2024-08-08,机器之心：机器之心报道。 在刚刚过去的一天，来自清华的光电智能技术交叉创新团队突破智能光计算训练难题，相关论文登上阅读全文​,2026-01-02 16:26:01
戴琼海,突破电计算离线建模的束缚：清华团队提出新型光计算架构，光训练速度提升1个数量级,未知,https://zhuanlan.zhihu.com/p/713487270,2024-08-08,DeepTech深科技：近期，清华大学电子工程系方璐教授课题组、自动化系戴琼海教授课题组创新性地设计了全前向智能光计算训练架构阅读全文​,2026-01-02 16:26:01
戴琼海,清华大学戴琼海院士团队填补脑科学+医学成像空白,未知,https://zhuanlan.zhihu.com/p/721477194,2024-09-22,晒科网：发现新的药物靶点。 瞄准这一国际前沿难题，清华大学戴琼海院士团队早在2013年就获得了国家自然科学基金委重大科研仪器研制项目支持阅读全文​,2026-01-02 16:26:01
戴琼海,BN招聘| 清华大学戴琼海院士团队博士后招聘（生命科学方向）,未知,https://zhuanlan.zhihu.com/p/423051390,2021-10-19,脑科学世界：简介 清华大学戴琼海院士团队，近年来主要从事交叉科学——脑科学与新一代人工智能的研究。通过研发多模态先进成像技术和高通量、高分辨神经探针器件技术阅读全文​,2026-01-02 16:26:01
戴琼海,请问清华大学的戴琼海老师实验室的脑机方向怎么样？有前途吗？,未知,https://www.zhihu.com/question/320439706/answer/668628041,2019-04-30,知乎用户5m35bi：抛开前景不说，戴老板在洗衣机系绝对是大热级别的存在，保研收的学生成绩都是很靠前的阅读全文​,2026-01-02 16:26:01
戴琼海,计算光学成像领域有哪些大课题组推荐?,未知,https://www.zhihu.com/question/522331759/answer/3006619408,2023-04-30,勃呆朋：国内 清华戴琼海院士应该是首屈一指的，上光所司徒国海、南理工左超，清华曹良才老师，港大新AP彭一凡(算是帮校友整点招生广告)...阅读全文​,2026-01-02 16:26:01
戴琼海,计算光学成像领域有哪些大课题组推荐?,未知,https://www.zhihu.com/question/522331759/answer/2393026916,2022-03-17,无关：大课题组，戴琼海院士团队够大么？ 南理陈钱，左超老师组 物理所吴令安老师组 西光姚保利老师组 上光韩申生老师组阅读全文​,2026-01-02 16:26:02
戴琼海,请问听清华大学戴琼海院士讲课是一种什么样的体验？,未知,https://www.zhihu.com/question/464485474/answer/3627215112,2024-09-16,爱科会易：9月13日，清华大学戴琼海团队在国际顶尖期刊《细胞》发表最新工作，宣布新一代介观活体显微仪器RUSH3D问世阅读全文​,2026-01-02 16:26:02
戴琼海,清华戴琼海院士光子芯片重大突破，已实现160TOPS/W算力,未知,https://zhuanlan.zhihu.com/p/692129887,2024-04-12,调研菌：相关科研成果发表于最新一期的国际期刊《科学》。 中胤时尚：公司和清华大学华控技术和戴琼海院士一起成立了公司杭州新畅元，目前公司正在进行技术成功转化阅读全文​,2026-01-02 16:26:02
桂卫华,桂卫华院士：“大模型+工业软件”赋能新型工业化,未知,https://zhuanlan.zhihu.com/p/9258728309,2024-12-09,晒科网：”中国工程院院士桂卫华在2024工业软件创新发展大会上表示。 中国工程院院士桂卫华 人工智能发展的三个阶段阅读全文​,2026-01-02 16:26:20
桂卫华,桂卫华院士：为提高我国工业自动化奔波30年，文革后第一批研究生如何用人工智能谱写工业4.0新篇章,未知,https://zhuanlan.zhihu.com/p/53227297,2018-12-25,德先生：它必然提升工业自动化软件的功能和水平。 院士桂卫华 桂卫华，是我国有色金属工业自动化专家，长期奔波于我国有色金属厂矿企业阅读全文​,2026-01-02 16:26:20
桂卫华,谭建荣、桂卫华、杨华勇等10院士解读工业软件发展趋势,未知,https://zhuanlan.zhihu.com/p/17961073780,2025-01-13,晒科网：为智能制造的发展提供了深刻的洞见和指导。 桂卫华院士：人工智能大模型与工业软件 桂卫华院士指出，人工智能的快速发展为新型工业化提供了强劲动力阅读全文​,2026-01-02 16:26:20
桂卫华,今日推荐！！！,未知,https://zhuanlan.zhihu.com/p/178433934,2020-08-10,矿业课堂：今日推荐课程： 桂卫华院士：工业互联网与智能制造 课程提纲： 工业互联网是新一代网络信息技术与制造业深度融合的产物阅读全文​,2026-01-02 16:26:20
桂卫华,中南大学的控制工程是什么研究方向？毕业后的工作去向有哪些呢？,未知,https://www.zhihu.com/question/654182487/answer/3481641162,2024-04-28,高校专业那些事：轨道交通湖南重点实验室等。 前几年培养出一个院士∶ 桂卫华，中国工程院院士，中南大学教授、博士生导师。1981年毕业于中南矿...阅读全文​,2026-01-02 16:26:21
桂卫华,如何看待湖南大学？,未知,https://www.zhihu.com/question/459190036/answer/3580095177,2024-08-01,fandeyimi：西安交通大学郑南宁院士、北京航空航天大学赵沁平院士、湖南大学桂卫华院士、中国科学院沈阳自动化所于海斌院士出席会议。...阅读全文​,2026-01-02 16:26:21
桂卫华,AI大模型领域的院士专家有哪些？,未知,https://zhuanlan.zhihu.com/p/802854167,2025-11-20,东方智库：在自动化、人工智能等领域有深厚的研究基础，大模型的发展也与这些领域相关。 15. 桂卫华：中国工程院院士，在工业自动化、人工智能等领域有重要的研究成果阅读全文​,2026-01-02 16:26:21
桂卫华,湖南大学与中南大学控制工程与科学的相比之各有哪些优势？以及报考建议。？,未知,https://www.zhihu.com/question/58786636/answer/230950215,2017-09-16,加加：据很多人说中南控制的排名基本是靠着粉末冶金过程控制这一块撑起来的，毕竟桂卫华院士是做这个方向，所以整体来看可能过程控制比运动控制强一些...阅读全文​,2026-01-02 16:26:21
桂卫华,自动控制各个方向都有哪些领军人物？,未知,https://www.zhihu.com/question/357554356/answer/974869148,2020-05-30,佛系智能化：学科偏向造纸、化工、工业控制系统、工控安全等 柴天佑 院士（东北大学），偏冶钢铁、选矿 桂卫华 院士（中南大学），偏冶金 钱锋 ...阅读全文​,2026-01-02 16:26:21
郭雷,2023 年两院院士增选结果公布，新晋院士中有你熟悉的老师吗？你对他/她有哪些印象？,未知,https://www.zhihu.com/question/631338129/answer/3298493754,2023-11-22,系统与控制：今年控制领域新晋院士之一是来自北京航空航天大学的郭雷老师，主要从事的是抗干扰控制理论及应用的研究，在理论和工程方面都做出了重要...阅读全文​,2026-01-02 16:26:39
郭雷,【科普园地】郭雷院士：关于控制理论发展的某些思考,未知,https://zhuanlan.zhihu.com/p/16718284810,2025-01-06,菠萝：作者简介 郭雷 中国科学院院士 中国自动化学会会士 中科院数学与系统科学研究院特聘研究员 郭雷，中国科学院院士、中国自动化学会会士阅读全文​,2026-01-02 16:26:39
郭雷,郭雷院士写的“系统与控制”科普文章等,未知,https://zhuanlan.zhihu.com/p/63883601,2019-04-26,小心假设：郭雷院士个人网站上的系统与控制科普文章： guolei 以及更多相关文章： guolei 很多都非常值得参考阅读全文​,2026-01-02 16:26:39
郭雷,北航郭雷团队值不值得报考？,未知,https://www.zhihu.com/question/476802098/answer/3297815742,2023-11-22,hteng：客观地说，大团队，平台很高，平时接触的也都是领域大牛，成长机会非常多；只要自己不懒，成果通常较为顺利阅读全文​,2026-01-02 16:26:39
郭雷,郭雷教授当选院士！济宁人！,未知,https://zhuanlan.zhihu.com/p/668740523,2023-11-25,畅享济宁：分别于1988、1991年获得曲阜师范大学学士、硕士学位。1997年获东南大学博士学位。 郭雷 中国科学院院士 郭雷，出生于山东曲阜，籍贯山东威海。北京航空航天大学教授阅读全文​,2026-01-02 16:26:40
郭雷,中国在自动控制领域让你最引以为豪的成果是什么？,未知,https://www.zhihu.com/question/325756601/answer/3495733072,2024-05-12,漩涡光头：做过一小时演讲工作单位位于中国大陆的学者只有中科院系统所郭雷院士，如有遗漏还请指正。 2014IFAC大会郭雷院士作了题为How much阅读全文​,2026-01-02 16:26:40
郭雷,自动控制各个方向都有哪些领军人物？,未知,https://www.zhihu.com/question/357554356/answer/1120344822,2020-04-02,阿木实验室：郭雷：中国科学院院士，控制科学家 长期从事系统与控制科学研究，特别是随机与不确定性动力系统的估计、滤波与控制理论等阅读全文​,2026-01-02 16:26:40
郭雷,自动控制各个方向都有哪些领军人物？,未知,https://www.zhihu.com/question/357554356/answer/1117253794,2020-03-31,小心假设：推荐中科院郭雷院士的 2019 年 Bode Lecture 演讲（https://cdc2019.ieeecss阅读全文​,2026-01-02 16:26:40
郭雷,北航郭雷团队值不值得报考？,未知,https://www.zhihu.com/question/476802098/answer/3298497025,2023-11-22,要来点咕咕吗：北航郭雷刚增选上院士阅读全文​,2026-01-02 16:26:40
郭雷,如今有几个院士名副其实？,未知,https://www.zhihu.com/question/1938633036422973124/answer/1967881680695071515,2025-11-01,小源：中国科学院数学与系统所大郭雷院士，听过几场报告，感觉很有实力阅读全文​,2026-01-02 16:26:40
何友,何友：41岁博士毕业，从普通战士到工程院院士的信息学科带头人,未知,https://zhuanlan.zhihu.com/p/55178909,2019-01-18,德先生：为我国的国防事业立下了汗马功劳。何友用自己的经历证明：世上无难事，只要肯登攀。 中国工程院院士、海军航空大学教授何友 公海受困激发“强军梦”阅读全文​,2026-01-02 16:26:59
何友,何友院士：人工智能产业需要开源开放的共享体系,未知,https://zhuanlan.zhihu.com/p/1890356555284723146,2025-04-01,晒科网：中国人工智能学会副理事长、中国工程院院士何友受邀为昇思人工智能框架峰会致辞。在致辞中，何友院士表示：“人工智能产业需要开源开放的共享体系阅读全文​,2026-01-02 16:26:59
何友,中国工程院院士何友：人工智能离不开算力支撑,未知,https://zhuanlan.zhihu.com/p/548838731,2022-08-02,工业云：7月30日，在2022中国算力大会主论坛上，中国工程院院士何友围绕人工智能做了题为《人工智能发展前沿》的主旨演讲阅读全文​,2026-01-02 16:26:59
何友,工程院院士何友出席校园交流活动，提升影响力，赋能教育与科研,未知,https://zhuanlan.zhihu.com/p/1931674239112569960,2025-07-24,品牌活动策划：四、社会关注度的提升 何友院士的出席为校园交流活动带来了显著的社会关注度。作为公众眼中的科技明星，何友院士的参与能够吸引媒体的广泛报道阅读全文​,2026-01-02 16:26:59
何友,CIRAC 2024主旨演讲嘉宾介绍,未知,https://zhuanlan.zhihu.com/p/719108907,2024-09-09,CCF：cn/cirac2024 大会主旨演讲嘉宾 何友 中国工程院院士 何友，中国工程院院士，1997年毕业于清华大学阅读全文​,2026-01-02 16:26:59
何友,多元信息融合研究领域的牛人有哪些？,未知,https://www.zhihu.com/question/20123854/answer/139165646,2017-01-04,爱德华：西安交大综合所老大 韩崇昭 3. 海军航空工程学院老大 何友 以上三人在无论国际还是国内均有一定分量，信息融合领域的专家和先行者...阅读全文​,2026-01-02 16:27:00
何友,感知融合方面的学习，有什么好的国内国外的论文，资料或书籍，视频推荐吗？,未知,https://www.zhihu.com/question/375689178/answer/1096456627,2020-03-22,疏雨：研究生期间做的是雷达摄像头的目标级融合，下面是看过的一些论文（潘泉何友韩崇昭那三个PDF是书），希望能够对你有所帮助。阅读全文​,2026-01-02 16:27:00
何友,何友院士一作：多源信息融合发展及展望 | 《航空学报》60周年纪念专刊,未知,https://zhuanlan.zhihu.com/p/1988188359047275635,2025-12-27,"力学与人工智能：分布式系统 论文标题：多源信息融合发展及展望 论文作者：何友, 刘瑜, 李耀文, 丁自然, 董凯, 崔亚奇,阅读全文​",2026-01-02 16:27:00
何友,雷达多目标跟踪算法 调参感觉是门艺术，到底应该怎么系统性地学习呢?,未知,https://www.zhihu.com/question/647648358/answer/3425743635,2024-03-10,SkyZhang：雷达多目标跟踪算法本身是需要根据项目背景和需求做一些改进和变化的，系统地学习基本理论可以参考何友院士的《雷达数据处理》，要...阅读全文​,2026-01-02 16:27:00
蒋昌俊,吴劲松与蒋昌俊院士一行会谈,未知,https://zhuanlan.zhihu.com/p/623255634,2023-04-19,科创安徽工作室：省科技厅党组书记吴劲松与到访的中国工程院院士、东华大学原校长、同济大学原副校长蒋昌俊一行举行工作会谈，厅相关处室负责人参加。 蒋昌俊围绕并发系统行为理论和交易风险防控瞬时精准辨识等重大技术成果...阅读全文​,2026-01-02 16:27:17
蒋昌俊,中国工程院信息与电子工程学部院士简介（三）,未知,https://zhuanlan.zhihu.com/p/666954597,2023-11-15,泠泠7：江碧涛主要从事多星多传感器协同探测及应用技术研究。 蒋昌俊院士（2021年当选） 蒋昌俊，1962年5月14日出生于安徽省安庆市阅读全文​,2026-01-02 16:27:17
蒋昌俊,祝贺！钱德沛教授、蒋昌俊教授、张亚勤教授当选2021年两院院士,未知,https://zhuanlan.zhihu.com/p/435074512,2021-11-19,CCF：排名第一）在内的省部级以上科技奖励9项，发表论文400余篇。 蒋昌俊 CCF高级会员 同济大学教授 蒋昌俊，CCF高级会员，曾任CCF理事、CCF佩里特网专业委员会主任阅读全文​,2026-01-02 16:27:17
蒋昌俊,中国工程院院士蒋昌俊：数字经济发展的挑战与思考,未知,https://zhuanlan.zhihu.com/p/610564063,2023-03-01,三少爷的见：中国工程院院士蒋昌俊：数字经济发展的挑战与思考 近日，中国工程院院士、同济大学教授蒋昌俊在2022成都阅读全文​,2026-01-02 16:27:17
蒋昌俊,欢迎！同济大学的4位科学家加入亚太人工智能学会！,未知,https://zhuanlan.zhihu.com/p/686329216,2024-03-11,人工智能尹会长：作者等荣誉。 AAIA AAIA——同济大学 蒋昌俊Changjun Jiang 中国工程院院士、中国人工智能学会会士、英国工程技术学会会士、同济大学教授阅读全文​,2026-01-02 16:27:17
蒋昌俊,同济大学计算机专业如何？,未知,https://www.zhihu.com/question/331090988/answer/3351948467,2024-01-06,蜗牛的牛：建有国家级教学团队和教育部创新团队，其中更有一位蒋昌俊院士坐镇。 蒋昌俊院士 学科科研实力雄厚，承担了一系列重大、重点项目阅读全文​,2026-01-02 16:27:17
蒋昌俊,同济大学这种顶尖学科为夕阳产业的高校该如何发展？,未知,https://www.zhihu.com/question/67492105/answer/2398142666,2023-12-11,强制改名用户：4、吕西林院士钢筋混凝土结构专家 5、徐祖信院士 河流污染综合治理专家 6、蒋昌俊院士 计算机网络信息安全专家 7、李杰院士 概率密度演化理论与大规模基础设施系统可靠性专家阅读全文​,2026-01-02 16:27:17
蒋昌俊,如何评价如今的同济大学？,未知,https://www.zhihu.com/question/645195058/answer/3530604382,2024-06-14,续完：目前同济在电信大类共计五位工程院院士（李同宝院士、陈杰院士、蒋昌俊院士、郑庆华院士、童小华院士，其中除了李院士资深，年纪最大的蒋昌俊院...阅读全文​,2026-01-02 16:27:18
蒋昌俊,论综合实力，同济和华中科技大学有多大差距?,未知,https://www.zhihu.com/question/560493394/answer/3363033841,2024-01-15,续完：调入人工智能无人系统专家陈杰校长（工程院院士）并将原调出担任东华大学校长的蒋昌俊教授调回同济大学担任副校长，组建自主智能无人系统全国重...阅读全文​,2026-01-02 16:27:18
蒋昌俊,如何评价同济大学这些年的发展？,未知,https://www.zhihu.com/question/39280751/answer/2550367913,2022-06-29,续完：调入人工智能无人系统专家陈杰校长（工程院院士）并将原调出担任东华大学校长的蒋昌俊教授调回同济大学担任副校长，组建上海市自主智能无人系统...阅读全文​,2026-01-02 16:27:18
李少远,ICSISIA智库 | 李少远：CPS系统的安全监控,未知,https://zhuanlan.zhihu.com/p/83413666,2019-09-20,控制网：，中国自动化学会副理事长、上海交通大学讲席教授李少远为现场带来了《CPS系统的安全监控》的报告，他指出信息物理系统（CPS）是集综合计算、网络和物理环境的多维复杂系统阅读全文​,2026-01-02 16:27:34
李少远,中国自动化学会副理事长李少远：“智能”增强的预测控制及其方法论意义,未知,https://www.zhihu.com/zvideo/1880629676009055274,2025-03-05,阅读全文​,2026-01-02 16:27:34
李少远,中国自动化学会副理事长李少远：工业大数据的知识表达和利用,未知,https://www.zhihu.com/zvideo/1855180755199725568,2024-12-25,阅读全文​,2026-01-02 16:27:34
李少远,首届“汇川杯”全国智能自动化创新大赛圆满落幕,未知,https://zhuanlan.zhihu.com/p/713005747,2024-08-06,今日精选：中国自动化学会副理事长 青岛科技大学副校长 上海交通大学教授 李少远致辞 李少远在致辞中表示，中国自动化学会携手汇川，响应党和国家制造强国和人才强国战略阅读全文​,2026-01-02 16:27:34
李少远,【CAA线上圆桌派】第1期：跨界融合说高考 等你来聊！,未知,https://zhuanlan.zhihu.com/p/534961723,2022-06-28,中国自动化学会：03特邀嘉宾 1.李少远 中国自动化学会会士、副理事长 上海交通大学教授 李少远，上海交通大学讲席教授阅读全文​,2026-01-02 16:27:34
李少远,大学即将毕业，是考研还是工作？,未知,https://www.zhihu.com/question/541862795/answer/3106512454,2023-07-06,中国自动化学会：中国自动化学会会士、副理事长李少远教授：毕业后面临科研和工作两条路，这两条路的实际情况是怎样的？阅读全文​,2026-01-02 16:27:34
李少远,学校承办的2024中国自动化大会盛大开幕,未知,https://zhuanlan.zhihu.com/p/4753323842,2024-11-03,青岛科技大学：中国自动化学会副理事长、青岛科技大学党委常委、副校长李少远等出席开幕式。 郑南宁院士代表中国自动化学会致欢迎辞阅读全文​,2026-01-02 16:27:34
李少远,本科生科研应该准备到什么程度？,未知,https://www.zhihu.com/question/62254147/answer/3071788620,2023-06-13,中国自动化学会：【跨界融合说高考】中国自动化学会会士、副理事长李少远：本科生在科研方面可以做些什么？能做到什么程度？阅读全文​,2026-01-02 16:27:34
李少远,【调查研究】校领导深入开展调查研究,未知,https://zhuanlan.zhihu.com/p/633238523,2023-05-30,青岛科技大学：党委常委、副校长李少远带队赴哈尔滨工程大学开展调研，交流学习卓越工程师培养的经验做法。李少远简要介绍了学校的发展现状、办学特色和学科特点阅读全文​,2026-01-02 16:27:35
钱锋,[T-F]钱锋-新时代卓越工程师培养模式和机制探索,未知,https://zhuanlan.zhihu.com/p/1930390393586952025,2025-07-20,XSKong：钱锋院士报告摘要： 背景（站位）：新时代新征程，以中国式现代化全面推进强国建设、民族复兴伟业，实现新型工业化是关键任务...阅读全文​,2026-01-02 16:27:54
钱锋,中国工程院院士钱锋：解决“卡脖子”问题不能单靠破解核心技术难题,未知,https://zhuanlan.zhihu.com/p/165062943,2020-07-29,德先生：芯火燎原》人工智能芯片创新主题论坛上，华东理工大学副校长、中国工程院院士钱锋发表了以《突破“堵点”“卡脖子”瓶颈，推进集成电路产业高质量发展》为主题的演讲阅读全文​,2026-01-02 16:27:54
钱锋,钱锋院士：数实融合助力制造业数字化转型,未知,https://zhuanlan.zhihu.com/p/685101293,2024-03-04,CCF：中国工程院院士、华东理工大学教授、国家智能制造专家委员会副主任、国家流程制造智能调控技术创新中心首席科学家、50人论坛委员钱锋受邀出席，并在峰会上作了题为“数实融合助力制造业数字化转型”的主题报告阅读全文​,2026-01-02 16:27:54
钱锋,AI查师资 | 每周推荐近 1 万位大咖（9）,未知,https://zhuanlan.zhihu.com/p/1988292860664120842,2025-12-27,匡时智库：七、师资姓名：钱锋 简介：钱锋中国工程院院士，华东理工大学教授、博士生导师、副校长个人履历：钱锋：男，1961年4月生...阅读全文​,2026-01-02 16:27:54
钱锋,中国工程院化工、冶金与材料工程学部院士简介（五）,未知,https://zhuanlan.zhihu.com/p/671214412,2023-12-08,泠泠7：引领了中国玻璃科技与产业跻身世界先进行列。 钱锋院士（2015年当选） 钱锋，1961年4月9日出生于江苏省扬中市阅读全文​,2026-01-02 16:27:55
钱锋,华东理工大学信息学院的钱锋课题组怎么样？,未知,https://www.zhihu.com/question/270103364/answer/373937314,2018-04-23,Kick Wei：最后说说我对课题组和钱锋院士的印象吧。组里的科研气氛很浓，老师们都有自己的目标，都是想做出一番事业的人。钱锋院士给我的最大...阅读全文​,2026-01-02 16:27:55
钱锋,华东理工大学信息学院的钱锋课题组怎么样？,未知,https://www.zhihu.com/question/270103364/answer/374111149,2018-04-23,a黑仔：空闲时间比较喜欢逛知乎的我，发现了这个帖子，大体的浏览一下，表示对两位匿名的回复有很大的异议，回答的真实性有待于考究阅读全文​,2026-01-02 16:27:55
钱锋,知乎上有哪些化工和数字化行业的大牛？,未知,https://www.zhihu.com/question/826448874/answer/39281443200,2024-11-24,佛系智能化：化工领域数字化，智能化。 可以关注华东理工大学钱锋院士团队~阅读全文​,2026-01-02 16:27:55
